frag_0,frag_1,frag_2
1,1,1
0,1,0
0,1,0
0,0,0
0,0,0
0,1,0
0,0,0
0,0,0
0,0,0
0,0,0
0,1,0
0,1,0
0,1,0
0,1,0
0,1,0
0,1,0
0,1,0
0,1,0
0,1,0
1,1,0
1,1,0
1,1,0
1,1,1
1,1,0
1,1,0
0,1,0
0,1,0
1,1,0
1,1,0
1,1,0
0,1,0
1,1,0
1,1,0
1,1,0
1,1,0
1,1,0
1,1,0
1,1,0
1,1,0
0,1,0
0,1,0
0,1,0
0,1,0
0,1,0
0,1,0
0,1,0
0,1,0
0,1,0
1,1,0
0,1,0
0,1,0
0,1,0
0,1,0
1,1,0
1,1,0
1,1,0
0,1,0
0,1,0
0,1,0
0,1,0
0,1,0
0,1,0
0,1,0
0,1,0
0,1,0
0,1,0
0,1,0
0,1,0
0,1,0
0,1,0
1,1,0
1,1,0
1,1,0
1,1,0
1,1,0
1,1,0
1,1,0
0,1,0
0,1,0
0,1,0
0,1,0
0,1,0
0,1,0
0,1,0
0,1,0
0,1,0
1,1,0
0,1,0
0,1,0
0,1,0
0,1,0
0,1,0
0,1,0
0,1,0
0,1,0
0,1,0
0,1,0
0,1,0
0,1,0
0,1,0
0,1,0
0,1,0
0,1,0
0,1,0
0,1,0
0,1,0
0,1,0
0,1,0
0,1,0
0,1,0
0,1,0
0,1,0
1,1,0
1,1,0
1,1,1
1,1,1
1,1,1
1,1,1
1,1,1
1,1,1
1,1,0
1,1,0
1,1,0
1,1,0
1,1,1
1,1,1
1,1,1
1,1,0
1,1,0
1,1,0
1,1,1
1,1,0
1,1,1
1,1,0
1,1,0
1,1,1
1,1,0
1,1,1
1,1,0
0,1,0
0,1,0
1,1,0
1,1,0
1,1,0
0,1,0
0,1,0
0,1,0
1,1,0
1,1,0
0,1,0
0,1,0
0,1,0
0,1,0
0,1,0
0,1,0
1,1,0
0,1,0
0,1,0
0,1,0
0,1,0
0,1,0
0,1,0
0,1,0
0,1,0
0,1,0
0,1,0
0,1,0
0,1,0
0,1,0
0,1,0
1,1,0
0,1,0
1,1,0
1,1,0
1,1,0
0,1,0
0,1,0
0,1,0
0,1,0
1,1,0
1,1,0
0,1,0
0,1,0
0,1,0
0,1,0
0,1,0
0,1,0
0,1,0
0,1,0
0,1,0
0,1,0
0,1,0
0,1,0
0,1,0
0,1,0
0,1,0
0,1,0
0,1,0
0,1,0
0,1,0
1,1,0
0,1,0
1,1,0
0,1,0
0,1,0
0,1,0
0,1,0
0,1,0
0,1,0
0,1,0
0,1,0
0,1,0
0,1,0
0,1,0
0,1,0
0,1,0
0,1,0
1,1,0
0,1,0
0,1,0
0,1,0
0,1,0
0,1,0
0,1,0
0,1,0
0,1,0
0,1,0
0,1,0
0,1,0
0,1,0
0,1,0
0,1,0
0,1,0
0,1,0
0,1,0
0,1,0
0,1,0
0,1,0
0,1,0
0,1,0
0,1,0
0,1,0
0,1,0
0,1,0
0,1,0
0,1,0
0,1,0
0,1,0
0,1,0
1,1,0
0,1,0
0,1,0
0,1,0
1,1,0
0,1,0
0,1,0
0,1,0
0,1,0
0,1,0
0,1,0
0,1,0
0,1,0
0,1,0
1,1,0
1,1,0
0,1,0
0,1,0
0,1,0
0,1,0
0,1,0
0,1,0
0,1,0
0,1,0
0,1,0
0,1,0
0,1,0
0,1,0
0,1,0
0,1,0
0,1,0
0,1,0
0,1,0
0,1,0
0,1,0
0,1,0
1,1,0
1,1,0
0,1,0
1,1,0
1,1,0
1,1,0
1,1,0
1,1,0
1,1,0
1,1,0
1,1,0
1,1,0
1,1,0
1,1,0
1,1,0
1,1,0
1,1,0
1,1,0
1,1,0
1,1,0
1,1,0
1,1,0
1,1,0
1,1,0
1,1,0
1,1,0
1,1,0
1,1,0
1,1,0
1,1,0
1,1,0
1,1,0
1,1,0
1,1,0
1,1,0
1,1,0
1,1,0
1,1,0
1,1,0
1,1,0
1,1,0
1,1,0
1,1,0
1,1,0
1,1,0
1,1,0
1,1,0
1,1,0
1,1,0
1,1,0
1,1,0
1,1,0
1,1,0
1,1,0
1,1,0
1,1,0
1,1,0
1,1,0
1,1,0
0,1,0
1,1,0
1,1,0
0,1,0
0,1,0
0,1,0
0,1,0
0,1,0
0,1,0
0,1,1
0,1,0
0,1,0
0,1,0
0,1,0
0,1,0
0,1,0
0,1,0
1,1,0
1,1,0
1,1,0
1,1,0
1,1,0
1,1,0
1,1,0
1,1,0
1,1,0
1,1,0
1,1,0
1,1,0
1,1,0
1,1,0
1,1,0
1,1,0
1,1,0
1,1,0
1,1,0
1,1,0
1,1,0
1,1,0
1,1,0
1,1,0
1,1,0
1,1,0
1,1,0
1,1,0
1,1,0
1,1,0
1,1,0
1,1,0
1,1,1
0,1,0
0,1,0
0,1,0
0,1,0
0,1,0
0,1,0
1,1,0
1,1,0
1,1,0
1,1,0
0,1,0
1,1,0
1,1,0
1,1,0
1,1,0
1,1,0
1,1,0
1,1,0
1,1,0
1,1,0
1,1,0
0,1,0
0,1,0
0,1,0
0,1,0
1,1,0
0,1,0
1,1,0
0,1,0
0,1,0
1,1,1
1,1,0
1,1,0
1,1,0
1,1,0
1,1,0
1,1,0
1,1,0
0,1,0
1,1,0
1,1,0
1,1,0
1,1,0
1,1,0
1,1,0
1,1,0
1,1,0
1,1,0
1,1,0
0,1,0
1,1,0
1,1,0
1,1,0
1,1,0
1,1,0
1,1,0
1,1,0
1,1,0
1,1,0
1,1,0
1,1,0
1,1,0
1,1,0
1,1,0
1,1,0
1,1,0
0,1,0
1,1,0
1,1,0
1,1,0
0,1,1
1,1,0
1,1,0
0,1,0
0,1,0
0,1,0
0,1,0
0,1,0
0,1,0
0,1,0
0,1,0
1,1,1
0,1,0
1,1,0
1,1,0
1,1,0
0,1,0
0,1,0
0,1,0
0,1,0
0,1,0
0,1,0
1,1,0
0,1,0
0,1,0
0,1,0
1,1,0
0,1,0
0,1,0
1,1,0
0,1,0
1,1,0
0,1,0
0,1,0
0,1,0
0,1,0
1,1,0
1,1,0
1,1,0
0,1,0
1,1,0
1,1,0
0,1,0
0,1,0
0,1,0
0,1,0
0,1,0
0,1,0
0,1,0
0,1,0
0,1,0
0,1,0
0,1,0
0,1,0
0,1,0
0,1,0
0,1,0
0,1,0
0,1,0
0,1,0
0,1,0
0,1,0
1,1,0
0,1,1
0,1,0
1,1,0
1,1,0
1,1,0
0,1,0
1,1,0
0,1,0
0,1,0
0,1,0
0,1,0
1,1,0
1,1,0
0,1,0
0,1,0
1,1,0
1,1,0
1,1,0
1,1,0
1,1,0
1,1,0
1,1,0
1,1,0
1,1,0
1,1,0
1,1,0
0,1,0
0,1,0
0,1,0
0,1,0
0,1,0
0,1,0
0,1,0
0,1,0
0,1,0
0,1,0
0,1,0
0,1,0
0,1,0
0,1,0
0,1,0
1,1,0
1,1,0
1,1,0
1,1,0
0,1,0
1,1,0
1,1,0
1,1,1
1,1,1
1,1,1
1,1,0
1,1,0
1,1,0
0,1,0
1,1,0
0,1,0
0,1,0
1,1,0
0,1,0
0,1,0
0,1,0
0,1,0
0,1,0
0,1,0
1,1,0
0,1,0
0,1,0
0,1,0
0,1,0
0,1,0
0,1,0
0,1,0
0,1,0
0,1,0
0,1,0
0,1,0
0,1,0
0,1,0
0,1,0
0,1,0
0,1,0
0,1,0
0,1,0
1,1,0
0,1,0
1,1,0
1,1,0
1,1,0
0,1,0
1,1,0
0,1,0
1,1,0
1,1,0
0,1,0
1,1,0
1,1,0
0,1,0
1,1,0
1,1,0
1,1,0
0,1,0
1,1,0
1,1,0
0,1,0
1,1,0
1,1,0
0,1,0
1,1,0
1,1,0
0,1,0
1,1,0
1,1,0
1,1,0
1,1,0
0,1,0
1,1,0
1,1,0
1,1,0
1,1,0
1,1,0
1,1,0
0,1,0
0,1,0
0,1,0
0,1,0
0,1,0
0,1,1
1,1,0
1,1,0
1,1,0
1,1,0
0,1,0
0,1,0
0,1,0
0,1,0
0,1,0
0,1,0
0,1,0
0,1,0
0,1,0
1,1,0
0,1,0
0,1,0
0,1,0
1,1,0
0,1,0
0,1,0
0,1,0
0,1,0
0,1,0
0,1,0
0,1,0
0,1,0
0,1,0
1,1,0
0,1,0
1,1,0
0,1,0
1,1,0
1,1,0
0,1,0
0,1,0
1,1,0
0,1,0
1,1,0
1,1,0
0,1,0
1,1,0
1,1,0
0,1,0
1,1,0
1,1,0
0,1,0
1,1,0
1,1,0
1,1,0
1,1,0
0,1,0
1,1,0
1,1,0
1,1,0
0,1,0
1,1,0
1,1,0
1,1,0
0,1,0
1,1,0
0,1,0
1,1,0
0,1,0
0,1,1
0,1,1
0,1,1
0,1,1
0,1,0
0,1,0
0,1,0
0,1,0
0,1,0
0,1,0
0,1,0
0,1,0
0,1,0
0,1,0
0,1,0
0,1,0
0,1,0
1,1,0
0,1,0
0,1,0
0,1,0
1,1,0
1,1,0
0,1,0
1,1,0
1,1,0
0,1,0
1,1,0
0,1,0
1,1,0
1,1,0
0,1,0
1,1,0
0,1,0
0,1,0
0,1,0
0,1,0
0,1,0
1,1,0
0,1,0
0,1,0
0,1,0
1,1,0
1,1,0
1,1,0
1,1,0
1,1,0
1,1,0
1,1,0
1,1,0
1,1,0
1,1,0
1,1,0
1,1,0
1,1,0
1,1,0
1,1,0
1,1,0
1,1,0
1,1,0
1,1,0
0,1,1
0,1,1
0,1,0
0,1,0
0,1,0
0,1,0
0,1,0
0,1,0
0,1,0
0,1,0
0,1,1
0,1,1
0,1,0
0,1,0
0,1,0
0,1,0
0,1,0
0,1,0
0,1,0
0,1,0
0,1,0
0,1,0
0,1,0
0,1,0
0,1,0
0,1,0
0,1,0
0,1,0
0,1,0
0,1,0
0,1,0
0,1,0
0,1,0
0,1,0
0,1,0
0,1,0
0,1,0
0,1,0
0,1,0
0,1,0
0,1,0
0,1,0
0,1,0
0,1,0
0,1,0
0,1,0
0,1,0
0,1,0
1,1,0
0,1,0
0,1,0
0,1,0
0,1,0
0,1,0
0,1,0
0,1,0
0,1,0
0,1,0
0,1,0
0,1,0
0,1,0
0,1,0
0,1,0
0,1,0
0,1,0
0,1,0
0,1,1
1,1,0
1,1,0
0,1,0
0,1,0
0,1,0
0,1,0
0,1,0
0,1,0
0,1,0
0,1,0
0,1,0
0,1,0
0,1,0
1,1,0
0,1,0
0,1,0
0,1,0
0,1,0
0,1,0
0,1,0
0,1,0
1,1,0
1,1,0
0,1,0
0,1,0
0,1,0
0,1,0
0,1,0
0,1,0
0,1,0
0,1,0
0,1,0
0,1,0
0,1,0
0,1,0
0,1,0
0,1,0
0,1,0
0,1,0
0,1,0
0,1,0
0,1,0
0,1,0
0,1,0
1,1,0
1,1,0
0,1,0
0,1,0
1,1,0
1,1,0
1,1,0
1,1,0
0,1,0
0,1,0
0,1,0
0,1,0
0,1,0
0,1,0
0,1,0
0,1,0
0,1,0
0,1,0
0,1,0
0,1,0
0,1,0
0,1,0
0,1,0
0,1,0
0,1,0
0,1,0
0,1,0
0,1,0
0,1,0
0,1,0
0,1,0
0,1,0
0,1,0
0,1,0
0,1,0
0,1,0
0,1,0
1,1,0
0,1,0
0,1,0
0,1,0
0,1,0
0,1,0
0,1,0
0,1,0
0,1,0
0,1,0
0,1,0
0,1,0
0,1,1
0,1,1
0,1,0
0,1,1
1,1,1
1,1,1
0,1,0
1,1,0
1,1,1
1,1,0
1,1,0
1,1,0
1,1,0
1,1,0
1,1,0
1,1,0
1,1,1
1,1,1
1,1,1
1,1,0
1,1,0
1,1,0
1,1,0
1,1,0
1,1,0
1,1,0
1,1,0
1,1,0
1,1,0
1,1,1
1,1,0
1,1,0
1,1,0
1,1,0
1,1,0
1,1,0
1,1,0
1,1,0
1,1,0
1,1,0
1,1,0
1,1,0
1,1,0
1,1,0
1,1,0
1,1,0
1,1,0
1,1,0
1,1,0
1,1,0
1,1,0
1,1,0
1,1,0
1,1,0
1,1,0
1,1,0
1,1,0
1,1,0
1,1,0
1,1,0
1,1,0
1,1,0
1,1,0
1,1,0
1,1,0
1,1,0
1,1,0
1,1,0
1,1,0
1,1,0
1,1,0
1,1,0
1,1,0
1,1,0
1,1,0
1,1,0
1,1,0
1,1,0
1,1,0
1,1,0
1,1,0
1,1,0
1,1,0
1,1,0
1,1,0
1,1,0
1,1,0
1,1,0
1,1,0
1,1,0
1,1,0
1,1,0
1,1,0
1,1,0
1,1,0
1,1,0
1,1,0
1,1,0
1,1,0
1,1,0
1,1,0
1,1,0
1,1,0
1,1,0
1,1,0
1,1,0
1,1,0
1,1,0
1,1,0
1,1,0
1,1,0
1,1,0
1,1,0
1,1,0
1,1,0
1,1,0
1,1,0
1,1,0
1,1,0
1,1,0
1,1,0
1,1,0
1,1,0
1,1,0
1,1,0
1,1,0
1,1,0
1,1,0
1,1,0
1,1,0
1,1,0
1,1,0
1,1,0
1,1,0
1,1,1
1,1,0
1,1,0
1,1,0
1,1,1
1,1,1
1,1,1
1,1,0
1,1,0
1,1,0
1,1,0
1,1,0
1,1,0
1,1,0
1,1,0
1,1,0
1,1,0
1,1,0
1,1,0
1,1,0
1,1,0
1,1,0
1,1,0
1,1,0
1,1,0
1,1,0
1,1,0
1,1,0
1,1,0
1,1,0
1,1,0
1,1,0
1,1,0
1,1,0
1,1,0
1,1,0
1,1,0
1,1,0
1,1,0
1,1,0
1,1,0
1,1,0
1,1,0
1,1,0
1,1,0
1,1,0
1,1,0
1,1,0
1,1,0
1,1,0
1,1,0
1,1,0
1,1,0
1,1,0
1,1,0
1,1,0
1,1,0
1,1,0
1,1,0
1,1,0
1,1,0
1,1,0
1,1,0
1,1,0
1,1,0
1,1,0
1,1,0
1,1,0
1,1,0
1,1,1
1,1,1
1,1,1
1,1,1
1,1,1
1,1,1
1,1,1
1,1,1
1,1,1
1,1,1
1,1,0
1,1,0
1,1,0
1,1,0
1,1,0
1,1,0
1,1,0
1,1,0
1,1,1
1,1,0
1,1,1
1,1,0
1,1,0
1,1,0
1,1,0
1,1,0
1,1,0
1,1,0
1,1,0
1,1,0
1,1,0
1,1,0
1,1,0
1,1,0
1,1,0
1,1,0
1,1,0
1,1,0
1,1,0
1,1,0
1,1,0
1,1,0
1,1,0
1,1,0
1,1,0
1,1,0
1,1,0
1,1,0
1,1,0
1,1,0
1,1,0
1,1,0
1,1,1
1,1,1
1,1,1
1,1,0
1,1,0
1,1,0
1,1,0
1,1,0
1,1,0
1,1,0
1,1,0
1,1,0
1,1,0
1,1,0
1,1,0
1,1,1
1,1,1
1,1,1
1,1,1
1,1,1
1,1,1
1,1,1
1,1,1
1,1,1
1,1,1
1,1,1
1,1,1
1,1,1
1,1,1
1,1,1
1,1,1
1,1,1
1,1,1
1,1,1
1,1,1
1,1,1
1,1,1
1,1,1
1,1,1
1,1,1
1,1,1
1,1,1
1,1,1
1,1,1
1,1,1
1,1,1
1,1,1
1,1,0
1,1,1
1,1,1
1,1,1
1,1,1
1,1,1
1,1,1
1,1,0
1,1,0
1,1,0
1,1,0
1,1,0
1,1,1
1,1,1
1,1,0
1,1,1
1,1,1
1,1,1
1,1,1
1,1,0
1,1,0
1,1,0
1,1,1
1,1,0
1,1,0
1,1,0
1,1,1
1,1,1
1,1,1
1,1,0
1,1,1
1,1,1
1,1,1
1,1,1
1,1,1
1,1,1
1,1,1
1,1,1
1,1,1
1,1,1
1,1,0
1,1,0
1,1,0
1,1,0
1,1,0
1,1,0
1,1,0
1,1,0
1,1,0
1,1,0
1,1,0
1,1,0
1,1,0
1,1,0
1,1,0
1,1,0
1,1,0
1,1,0
1,1,0
1,1,0
1,1,0
1,1,0
1,1,0
1,1,0
1,1,0
1,1,0
1,1,0
1,1,0
1,1,0
1,1,0
1,1,0
1,1,0
1,1,0
1,1,0
1,1,0
1,1,0
1,1,0
1,1,0
1,1,0
1,1,0
1,1,0
1,1,0
1,1,0
1,1,0
1,1,0
1,1,0
1,1,0
1,1,0
1,1,0
1,1,0
1,1,0
1,1,0
1,1,0
1,1,0
1,1,0
1,1,0
1,1,0
1,1,0
1,1,0
1,1,0
1,1,0
1,1,0
1,1,0
1,1,0
1,1,0
1,1,0
1,1,0
1,1,0
1,1,0
1,1,0
1,1,0
1,1,0
1,1,0
1,1,0
1,1,0
1,1,0
1,1,0
1,1,0
1,1,0
1,1,0
1,1,0
1,1,0
1,1,0
1,1,0
1,1,0
1,1,0
1,1,0
1,1,0
1,1,0
1,1,0
1,1,0
1,1,0
1,1,0
1,1,0
1,1,0
1,1,0
1,1,1
1,1,0
1,1,0
1,1,0
1,1,0
1,1,0
1,1,0
1,1,0
1,1,0
1,1,0
1,1,0
1,1,0
1,1,0
1,1,0
1,1,0
1,1,0
1,1,0
1,1,0
1,1,0
1,1,0
1,1,0
1,1,0
1,1,0
1,1,0
1,1,0
1,1,0
1,1,0
1,1,0
1,1,0
1,1,0
1,1,0
1,1,0
1,1,0
1,1,0
1,1,0
1,1,0
1,1,0
1,1,0
1,1,0
1,1,0
1,1,0
1,1,0
1,1,0
1,1,0
1,1,0
1,1,0
1,1,0
1,1,0
1,1,0
1,1,0
1,1,0
1,1,0
1,1,0
1,1,0
1,1,0
1,1,0
1,1,0
1,1,1
1,1,1
1,1,1
1,1,1
1,1,1
1,1,1
1,1,1
1,1,1
1,1,1
1,1,1
1,1,1
1,1,1
1,1,1
1,1,1
1,1,1
1,1,1
1,1,1
1,1,1
1,1,1
1,1,1
1,1,1
1,1,1
1,1,1
1,1,1
1,1,1
1,1,1
1,1,1
1,1,1
1,1,1
1,1,1
1,1,1
1,1,1
1,1,1
1,1,1
1,1,1
1,1,1
1,1,1
1,1,1
1,1,1
1,1,1
1,1,1
1,1,1
1,1,1
1,1,1
1,1,1
1,1,1
1,1,1
1,1,1
1,1,1
1,1,1
1,1,1
1,1,1
1,1,0
1,1,0
1,1,1
1,1,0
1,1,0
1,1,0
1,1,1
1,1,1
1,1,0
1,1,0
1,1,0
1,1,0
1,1,0
1,1,0
1,1,0
1,1,0
1,1,0
1,1,0
1,1,0
1,1,1
1,1,0
1,1,0
1,1,0
1,1,0
1,1,0
1,1,0
1,1,0
1,1,0
1,1,1
1,1,0
1,1,1
1,1,1
1,1,0
1,1,1
1,1,0
1,1,0
1,1,0
1,1,1
1,1,1
1,1,1
1,1,1
1,1,1
1,1,1
1,1,1
1,1,1
1,1,1
1,1,1
1,1,1
1,1,1
1,1,1
1,1,1
1,1,1
1,1,1
1,1,1
1,1,1
1,1,1
1,1,1
1,1,1
1,1,1
1,1,1
1,1,1
1,1,1
1,1,1
1,1,1
1,1,1
1,1,1
1,1,1
1,1,1
1,1,1
1,1,1
1,1,1
1,1,1
1,1,1
1,1,1
1,1,1
1,1,1
1,1,1
1,1,1
1,1,1
1,1,1
1,1,1
1,1,1
1,1,1
1,1,1
1,1,1
1,1,1
1,1,1
1,1,1
1,1,1
1,1,1
1,1,1
1,1,1
1,1,1
1,1,1
1,1,1
1,1,1
1,1,1
1,1,1
1,1,1
1,1,1
1,1,1
1,1,1
1,1,1
1,1,0
1,1,1
1,1,1
1,1,1
1,1,1
1,1,1
1,1,1
1,1,1
1,1,0
1,1,1
1,1,1
1,1,0
1,1,1
1,1,1
1,1,1
1,1,1
1,1,1
1,1,1
1,1,1
1,1,1
1,1,1
1,1,1
1,1,1
1,1,1
1,1,1
1,1,1
1,1,1
1,1,1
1,1,1
1,1,1
1,1,1
1,1,1
1,1,1
1,1,1
1,1,1
1,1,1
1,1,1
1,1,1
1,1,1
1,1,1
1,1,1
1,1,1
1,1,1
1,1,1
1,1,1
1,1,1
1,1,1
1,1,1
1,1,1
1,1,1
1,1,1
1,1,1
1,1,1
1,1,1
1,1,1
1,1,1
1,1,1
1,1,1
1,1,1
1,1,1
1,1,1
1,1,1
1,1,1
1,1,1
1,1,1
1,1,1
1,1,1
1,1,1
1,1,1
1,1,1
1,1,1
1,1,1
1,1,1
1,1,1
1,1,1
1,1,1
1,1,1
1,1,1
1,1,1
1,1,1
1,1,1
1,1,1
1,1,1
1,1,1
1,1,1
1,1,1
1,1,1
1,1,1
1,1,1
1,1,1
1,1,1
1,1,1
1,1,1
1,1,1
1,1,1
1,1,1
1,1,1
1,1,1
1,1,1
1,1,1
1,1,1
1,1,1
1,1,1
1,1,1
1,1,1
1,1,1
1,1,1
1,1,1
1,1,1
1,1,1
1,1,1
1,1,1
1,1,1
1,1,0
1,1,1
1,1,1
1,1,1
1,1,1
1,1,1
1,1,1
1,1,1
1,1,1
1,1,1
1,1,1
1,1,1
1,1,1
0,1,0
1,1,1
1,1,0
1,1,1
1,1,1
1,1,0
1,1,0
1,1,0
1,1,0
1,1,0
1,1,0
1,1,0
1,1,0
1,1,0
1,1,0
0,1,0
0,1,0
0,1,0
1,1,0
0,1,0
0,1,0
1,1,0
0,1,0
0,1,1
0,1,0
1,1,0
0,1,0
0,1,0
0,1,0
0,1,0
1,1,0
1,1,0
0,1,0
0,1,0
1,1,0
0,1,0
0,1,0
0,1,0
0,1,0
0,1,0
0,1,0
0,1,0
0,1,0
0,1,0
0,1,0
1,1,0
0,1,0
0,1,0
0,1,0
0,1,0
0,1,0
0,1,0
0,1,0
0,1,0
0,1,0
0,1,0
0,1,0
1,1,0
0,1,0
1,1,0
1,1,0
1,1,0
0,1,0
1,1,0
1,1,0
1,1,0
0,1,0
1,1,0
0,1,0
0,1,0
1,1,1
1,1,1
0,1,0
1,1,0
0,1,0
0,1,0
0,1,0
0,1,0
0,1,0
0,1,0
0,1,0
0,1,0
0,1,0
0,1,0
0,1,1
0,1,0
0,1,0
0,1,0
0,1,0
0,1,0
0,1,0
0,1,0
0,1,0
0,1,0
0,1,0
1,1,0
1,1,0
1,1,0
1,1,1
1,1,0
0,1,0
0,1,0
0,1,0
0,1,0
0,1,0
0,1,0
0,1,1
0,1,0
1,1,0
1,1,0
0,1,0
0,1,0
0,1,0
0,1,0
0,1,0
0,1,0
0,1,0
1,1,0
1,1,0
1,1,0
0,1,0
0,1,0
0,1,0
0,1,0
1,1,0
1,1,0
1,1,0
1,1,0
1,1,0
1,1,0
0,1,0
1,1,0
1,1,0
1,1,0
0,1,0
0,1,0
0,1,0
0,1,0
0,1,0
0,1,0
0,1,0
0,1,0
0,1,0
0,1,0
0,1,0
0,1,0
0,1,0
0,1,0
0,1,0
0,1,0
0,1,0
0,1,0
0,1,0
0,1,0
0,1,0
0,1,0
0,1,0
0,1,0
0,1,0
0,1,0
0,1,0
0,1,0
0,1,0
0,1,0
0,1,0
0,1,0
0,1,0
0,1,0
0,1,0
0,1,0
0,1,0
1,1,0
0,1,0
0,1,0
0,1,0
0,1,0
0,1,0
0,1,0
0,1,0
0,1,0
1,1,0
0,1,0
0,1,1
0,1,0
0,1,0
0,1,0
0,1,0
0,1,0
0,1,0
0,1,0
0,1,0
0,1,0
0,1,0
0,1,0
0,1,0
0,1,0
0,1,0
0,1,0
0,1,0
0,1,0
0,1,0
1,1,0
1,1,0
1,1,0
1,1,0
1,1,0
0,1,0
0,1,0
0,1,0
0,1,0
0,1,0
0,1,0
0,1,0
0,1,0
1,1,0
0,1,0
0,1,0
0,1,0
1,1,0
1,1,0
0,1,0
0,1,0
0,1,0
0,1,0
0,1,0
1,1,0
1,1,0
1,1,0
1,1,0
0,1,0
0,1,0
0,1,0
0,1,0
0,1,0
0,1,0
0,1,0
0,1,0
0,1,0
0,1,0
0,1,0
0,1,0
0,1,0
0,1,0
0,1,0
0,1,0
0,1,0
0,1,0
0,1,0
0,1,0
0,1,0
0,1,0
0,1,0
0,1,0
0,1,0
0,1,0
0,1,0
0,1,0
0,1,0
0,1,0
0,1,0
0,1,0
0,1,0
0,1,0
0,1,0
0,1,0
0,1,0
0,1,0
0,1,0
0,1,0
0,1,0
0,1,0
0,1,0
0,1,0
0,1,0
0,1,0
0,1,0
0,1,0
0,1,0
0,1,0
0,1,0
0,1,0
0,1,0
0,1,0
0,1,0
0,1,0
0,1,0
0,1,0
0,1,0
0,1,0
1,1,0
0,1,0
0,1,0
0,1,0
0,1,0
1,1,0
1,1,0
1,1,0
0,1,0
1,1,0
1,1,0
1,1,0
1,1,0
1,1,0
1,1,0
1,1,0
1,1,0
1,1,0
0,1,0
0,1,0
0,1,0
0,1,0
0,1,0
0,1,0
0,1,0
0,1,0
0,1,0
0,1,0
0,1,0
0,1,0
0,1,0
0,1,0
0,1,0
0,1,0
0,1,0
0,1,0
0,1,0
0,1,0
0,1,0
0,1,0
0,1,0
0,1,0
0,1,0
0,1,0
0,1,0
1,1,0
0,1,0
0,1,0
0,1,0
0,1,0
1,1,0
1,1,0
1,1,0
1,1,0
1,1,0
1,1,0
1,1,0
1,1,0
1,1,0
1,1,0
1,1,0
1,1,0
1,1,0
1,1,0
1,1,0
1,1,0
1,1,0
1,1,0
1,1,0
1,1,0
1,1,0
1,1,0
1,1,0
1,1,0
1,1,0
1,1,0
1,1,0
1,1,0
1,1,0
1,1,0
1,1,0
1,1,0
1,1,0
1,1,0
1,1,0
1,1,0
1,1,0
1,1,0
1,1,0
1,1,0
1,1,0
1,1,0
1,1,0
1,1,0
1,1,0
1,1,0
1,1,0
1,1,0
1,1,0
1,1,0
1,1,0
1,1,0
1,1,0
1,1,0
1,1,0
1,1,0
1,1,0
1,1,0
1,1,0
1,1,0
1,1,0
1,1,0
1,1,0
1,1,0
1,1,0
1,1,0
1,1,0
1,1,0
1,1,0
1,1,0
1,1,0
1,1,0
1,1,0
1,1,0
1,1,0
1,1,0
1,1,0
1,1,0
1,1,0
1,1,0
1,1,0
1,1,0
0,1,0
0,1,0
0,1,0
1,1,0
1,1,0
1,1,0
0,1,0
1,1,0
0,1,0
1,1,0
1,1,0
1,1,0
1,1,0
1,1,0
1,1,0
1,1,0
1,1,0
1,1,0
1,1,0
1,1,0
1,1,0
1,1,0
1,1,0
1,1,0
1,1,0
1,1,0
1,1,0
1,1,0
1,1,0
1,1,0
1,1,0
1,1,0
1,1,0
1,1,0
1,1,0
1,1,0
1,1,0
1,1,0
1,1,0
1,1,0
0,1,0
0,1,0
1,1,0
1,1,0
1,1,0
0,1,0
0,1,0
0,1,0
0,1,0
0,1,0
0,1,0
0,1,0
1,1,0
1,1,0
0,1,0
0,1,0
0,1,0
0,1,0
0,1,0
0,1,0
0,1,0
0,1,0
0,1,0
0,1,0
0,1,0
0,1,0
0,1,0
0,1,0
0,1,0
0,1,0
0,1,0
0,1,0
0,1,0
0,1,0
0,1,0
0,1,0
0,1,0
0,1,0
0,1,0
0,1,0
0,1,0
0,1,0
0,1,0
0,1,0
0,1,0
0,1,0
0,1,0
1,1,0
1,1,0
0,1,0
1,1,0
0,1,0
0,1,0
0,1,0
0,1,0
0,1,0
0,1,0
0,1,0
0,1,0
0,1,0
0,1,0
0,1,0
0,1,0
0,1,0
0,1,0
0,1,0
1,1,0
1,1,0
1,1,0
0,1,0
0,1,0
0,1,0
0,1,0
0,1,0
0,1,0
0,1,0
0,1,0
0,1,0
0,1,0
0,1,0
0,1,0
0,1,0
0,1,0
0,1,0
0,1,0
0,1,0
0,1,0
0,1,0
0,1,0
0,1,0
0,1,0
0,1,0
0,1,0
0,1,0
0,1,0
0,1,0
0,1,0
0,1,0
0,1,0
0,1,0
0,1,0
0,1,0
0,1,0
0,1,0
1,1,0
0,1,0
0,1,0
0,1,0
0,1,0
0,1,0
0,1,0
0,1,0
0,1,0
0,1,0
0,1,0
0,1,0
0,1,0
0,1,0
0,1,1
0,1,0
0,1,0
0,1,0
0,1,0
0,1,0
0,1,0
0,1,0
0,1,0
1,1,0
1,1,0
1,1,0
1,1,0
1,1,0
1,1,0
1,1,0
1,1,0
1,1,0
1,1,0
1,1,0
1,1,0
1,1,0
1,1,0
1,1,0
1,1,0
1,1,0
1,1,0
1,1,0
1,1,0
1,1,0
1,1,0
1,1,0
1,1,0
1,1,0
1,1,0
1,1,0
1,1,0
1,1,0
1,1,0
1,1,0
1,1,0
1,1,0
1,1,0
1,1,0
1,1,0
1,1,0
1,1,0
1,1,0
1,1,0
1,1,0
1,1,0
1,1,0
1,1,0
1,1,0
1,1,0
1,1,0
1,1,0
1,1,0
1,1,0
1,1,0
1,1,0
1,1,0
1,1,0
1,1,0
1,1,0
0,1,0
0,1,0
0,1,0
0,1,0
0,1,0
0,1,0
1,1,0
0,1,0
1,1,0
1,1,0
0,1,0
0,1,0
0,1,0
1,1,0
1,1,0
1,1,0
1,1,0
1,1,0
1,1,0
1,1,0
1,1,0
0,1,0
0,1,0
1,1,0
0,1,0
1,1,0
0,1,0
0,1,0
1,1,0
0,1,0
1,1,0
1,1,1
1,1,1
1,1,0
1,1,0
1,1,0
1,1,0
1,1,0
1,1,0
1,1,0
1,1,0
1,1,0
0,1,1
0,1,0
1,1,0
0,1,0
0,1,0
1,1,0
1,1,0
0,1,0
0,1,0
1,1,0
0,1,0
0,1,0
0,1,0
0,1,0
0,1,0
0,1,0
0,1,0
0,1,0
0,1,0
0,1,0
0,1,0
0,1,0
0,1,0
0,1,0
1,1,0
0,1,0
0,1,0
1,1,0
1,1,1
1,1,1
0,1,0
0,1,0
0,1,0
1,1,0
1,1,0
1,1,0
1,1,0
0,1,0
1,1,0
1,1,0
1,1,0
1,1,0
1,1,0
1,1,0
1,1,0
1,1,0
1,1,0
1,1,0
1,1,0
1,1,0
1,1,0
1,1,0
1,1,0
1,1,0
1,1,0
1,1,0
0,1,0
1,1,0
1,1,0
1,1,0
1,1,0
1,1,0
1,1,0
1,1,0
1,1,0
1,1,0
1,1,0
0,1,0
0,1,0
0,1,0
0,1,0
1,1,0
1,1,0
1,1,0
1,1,0
1,1,0
1,1,0
1,1,0
1,1,0
1,1,0
1,1,0
1,1,0
1,1,0
1,1,0
1,1,0
1,1,0
1,1,0
1,1,0
1,1,0
1,1,0
1,1,0
1,1,0
1,1,0
1,1,0
1,1,0
1,1,0
1,1,0
1,1,0
1,1,0
1,1,0
1,1,0
1,1,0
1,1,0
0,1,0
0,1,0
0,1,0
0,1,0
0,1,0
0,1,0
1,1,0
1,1,0
1,1,0
1,1,0
1,1,0
1,1,0
1,1,0
1,1,0
1,1,0
1,1,0
1,1,0
1,1,0
1,1,0
1,1,0
1,1,0
1,1,0
1,1,0
1,1,0
1,1,0
1,1,0
1,1,0
1,1,0
1,1,0
1,1,0
1,1,0
1,1,0
1,1,0
1,1,0
1,1,0
1,1,0
1,1,0
1,1,0
1,1,0
1,1,0
1,1,0
1,1,0
1,1,0
1,1,0
1,1,0
1,1,0
1,1,0
1,1,0
1,1,0
1,1,0
1,1,0
1,1,0
1,1,0
1,1,0
1,1,0
1,1,0
0,1,0
1,1,0
0,1,0
0,1,0
1,1,0
1,1,0
1,1,0
1,1,0
1,1,0
1,1,0
1,1,0
1,1,0
1,1,0
1,1,0
1,1,0
1,1,0
1,1,0
1,1,0
1,1,0
1,1,0
1,1,0
1,1,0
1,1,0
1,1,0
0,1,0
0,1,0
0,1,0
1,1,0
1,1,0
1,1,0
1,1,0
1,1,0
1,1,0
1,1,0
1,1,0
1,1,0
1,1,0
1,1,0
1,1,0
1,1,0
1,1,0
1,1,0
1,1,0
1,1,0
1,1,0
1,1,0
1,1,0
1,1,0
1,1,0
1,1,0
1,1,0
1,1,0
1,1,0
1,1,0
1,1,0
1,1,0
1,1,0
1,1,0
1,1,0
1,1,0
1,1,0
1,1,0
1,1,0
1,1,0
1,1,0
1,1,0
1,1,0
1,1,0
1,1,0
1,1,0
1,1,0
1,1,0
1,1,0
1,1,0
1,1,0
1,1,0
1,1,0
1,1,0
1,1,0
1,1,0
1,1,0
1,1,0
1,1,0
1,1,0
1,1,0
1,1,0
1,1,0
1,1,0
1,1,0
1,1,0
1,1,0
1,1,0
1,1,0
1,1,0
1,1,0
1,1,0
1,1,0
1,1,0
0,1,0
0,1,0
0,1,0
1,1,0
1,1,0
1,1,0
1,1,0
0,1,0
1,1,0
1,1,0
0,1,0
0,1,0
0,1,0
0,1,0
0,1,0
1,1,0
1,1,0
0,1,1
0,1,1
1,1,0
1,1,0
1,1,0
1,1,0
1,1,0
1,1,0
1,1,0
0,1,0
0,1,0
0,1,0
0,1,0
0,1,0
0,1,0
0,1,0
0,1,0
0,1,0
0,1,0
0,1,1
0,1,0
0,1,0
0,1,0
0,1,0
0,1,0
1,1,0
0,1,0
0,1,0
1,1,0
0,1,0
0,1,0
0,1,0
0,1,0
0,1,0
0,1,0
0,1,0
0,1,0
0,1,0
0,1,0
0,1,0
0,1,0
0,1,0
0,1,0
0,1,0
0,1,0
0,1,0
0,1,0
0,1,0
0,1,0
0,1,0
0,1,0
0,1,0
0,1,0
0,1,0
0,1,0
0,1,0
0,1,0
0,1,0
0,1,0
1,1,0
0,1,0
0,1,0
1,1,0
0,1,0
1,1,0
1,1,0
0,1,0
0,1,0
0,1,0
0,1,0
0,1,0
0,1,0
0,1,0
0,1,0
0,1,0
0,1,0
1,1,0
1,1,0
0,1,0
0,1,0
0,1,0
0,1,0
0,1,0
0,1,0
0,1,0
0,1,0
0,1,0
0,1,0
1,1,0
1,1,0
0,1,0
0,1,0
0,1,0
0,1,0
0,1,0
1,1,0
1,1,0
1,1,0
1,1,0
0,1,0
0,1,0
0,1,0
0,1,0
0,1,0
0,1,0
0,1,0
1,1,0
1,1,0
0,1,0
0,1,0
1,1,0
1,1,0
0,1,0
1,1,0
0,1,0
0,1,0
0,1,0
0,1,0
0,1,0
0,1,0
0,1,0
0,1,0
0,1,0
0,1,0
0,1,0
0,1,0
0,1,0
0,1,0
0,1,0
0,1,0
0,1,0
0,1,0
0,1,0
0,1,0
0,1,0
0,1,0
0,1,0
0,1,0
0,1,0
0,1,0
0,1,0
0,1,0
0,1,0
0,1,0
0,1,0
0,1,0
0,1,0
0,1,0
0,1,0
0,1,0
0,1,0
0,1,0
0,1,0
0,1,0
1,1,0
1,1,0
1,1,0
0,1,0
0,1,0
0,1,1
0,1,0
0,1,0
0,1,0
1,1,0
1,1,0
1,1,0
1,1,0
1,1,0
1,1,0
1,1,0
1,1,0
1,1,0
1,1,0
1,1,0
1,1,0
1,1,0
1,1,0
1,1,0
1,1,0
1,1,0
1,1,0
1,1,0
1,1,0
1,1,0
1,1,0
1,1,0
1,1,0
1,1,0
1,1,0
1,1,0
1,1,0
1,1,0
1,1,0
1,1,0
1,1,0
1,1,0
1,1,0
1,1,0
1,1,0
1,1,0
1,1,0
1,1,0
1,1,0
1,1,0
1,1,0
1,1,0
1,1,0
1,1,0
1,1,0
1,1,0
1,1,0
1,1,0
1,1,0
1,1,0
1,1,0
1,1,0
1,1,0
1,1,0
1,1,0
1,1,0
1,1,0
1,1,0
1,1,0
1,1,0
1,1,0
1,1,0
1,1,0
1,1,0
1,1,0
1,1,0
1,1,0
1,1,0
1,1,0
1,1,0
1,1,0
1,1,0
1,1,0
1,1,0
1,1,0
1,1,0
1,1,0
1,1,0
1,1,0
1,1,0
1,1,0
1,1,0
1,1,0
1,1,0
1,1,0
1,1,0
1,1,0
1,1,0
1,1,0
1,1,0
1,1,0
1,1,0
1,1,0
1,1,0
1,1,0
1,1,0
1,1,1
1,1,0
1,1,0
1,1,0
1,1,0
1,1,0
1,1,0
1,1,0
1,1,0
1,1,0
1,1,0
1,1,0
1,1,0
1,1,0
1,1,0
1,1,0
1,1,0
1,1,0
1,1,0
1,1,0
1,1,0
1,1,0
1,1,0
1,1,0
1,1,0
1,1,0
1,1,0
1,1,0
1,1,0
1,1,0
1,1,0
1,1,0
1,1,0
1,1,0
1,1,0
1,1,1
0,1,0
0,1,0
0,1,0
0,1,0
1,1,0
0,1,0
0,1,0
0,1,0
0,1,0
0,1,1
0,1,1
0,1,0
0,1,1
0,1,0
0,1,0
0,1,0
0,1,1
0,1,1
0,1,0
0,0,1
1,1,1
0,1,0
0,0,0
0,0,0
0,1,0
0,1,0
0,1,0
0,1,0
0,0,0
0,1,0
0,0,0
0,0,0
0,1,0
0,1,0
0,1,0
0,0,0
0,0,0
0,0,0
0,0,1
1,1,0
0,0,1
0,0,1
0,1,0
1,1,0
0,1,0
0,0,0
0,0,0
0,0,0
0,0,0
0,0,0
0,0,0
0,1,0
0,1,0
1,1,0
1,1,0
0,1,0
0,1,0
1,1,0
0,1,0
0,1,0
0,1,0
0,1,0
0,1,0
0,1,0
0,1,0
0,1,0
0,1,0
0,1,0
0,1,0
0,1,0
0,1,0
0,1,0
0,1,0
0,1,0
0,1,0
0,1,0
0,1,0
0,1,0
0,1,0
0,1,0
0,1,0
0,1,0
0,1,0
1,1,1
1,1,0
1,1,0
1,1,0
1,1,0
1,1,0
1,1,0
1,1,1
1,1,0
1,1,0
1,1,1
1,1,0
1,1,0
1,1,0
1,1,1
1,1,1
1,1,0
1,1,0
1,1,0
1,1,0
1,1,0
1,1,1
1,1,0
1,1,0
0,1,0
0,1,0
0,1,0
0,1,0
1,1,0
0,1,0
1,1,0
0,1,0
1,1,0
0,1,0
0,1,0
0,1,0
1,1,0
0,1,0
0,1,0
1,1,0
0,1,0
1,1,0
0,1,0
0,1,0
0,1,0
0,1,0
0,1,0
1,1,0
1,1,0
0,1,0
1,1,0
0,1,0
0,1,0
0,1,0
0,1,0
1,1,0
1,1,0
1,1,0
1,1,0
1,1,0
1,1,0
1,1,0
0,1,0
1,1,0
1,1,0
1,1,0
1,1,0
0,1,0
0,1,0
0,1,0
0,1,0
0,1,0
0,1,0
1,1,0
0,1,0
0,1,0
1,1,0
1,1,0
1,1,0
0,1,0
0,1,0
0,1,0
1,1,0
1,1,0
1,1,0
1,1,0
0,1,0
0,1,0
1,1,0
0,1,0
0,1,0
0,1,0
1,1,0
1,1,1
1,1,1
1,1,0
1,1,1
1,1,1
1,1,1
1,1,0
1,1,1
1,1,0
0,1,0
0,1,0
0,1,1
0,1,1
0,1,0
0,1,0
0,1,0
0,1,0
0,1,0
0,1,0
0,1,1
0,1,0
0,1,0
0,1,0
0,1,1
1,1,0
0,1,1
1,1,0
0,1,0
0,1,0
0,1,0
0,1,0
0,1,0
0,1,0
0,1,1
0,1,0
0,1,1
0,1,1
0,1,0
0,1,0
0,1,0
0,1,0
0,1,0
0,1,0
0,1,0
0,1,0
0,1,0
0,1,0
0,1,0
0,1,0
0,1,0
0,1,1
0,1,1
0,1,1
0,1,0
1,1,0
0,1,0
0,1,0
0,1,0
0,1,0
0,1,0
0,1,0
0,1,1
0,1,1
1,1,0
0,1,1
0,1,1
0,1,1
1,1,0
0,1,1
0,1,0
0,1,0
0,1,0
0,1,0
0,1,0
0,1,0
0,1,0
0,1,1
0,1,1
0,1,0
0,1,0
0,1,1
0,1,0
0,1,0
0,1,0
0,1,0
0,1,0
0,1,0
1,1,1
0,1,0
0,1,0
0,1,0
0,1,0
0,1,0
0,1,1
0,1,0
0,1,0
1,1,0
0,1,0
0,1,0
0,1,0
0,1,0
0,1,0
0,1,1
0,1,1
0,1,0
0,1,0
1,1,0
1,1,0
1,1,0
0,1,0
0,1,0
0,1,0
1,1,0
1,1,0
0,1,0
1,1,0
1,1,0
1,1,0
0,1,0
0,1,0
0,1,0
1,1,0
1,1,0
1,1,0
1,1,0
1,1,0
1,1,0
1,1,0
1,1,0
1,1,0
1,1,0
1,1,0
1,1,1
0,1,0
0,1,1
0,1,0
0,1,0
0,1,0
0,1,0
0,1,0
0,1,0
0,1,0
0,1,0
0,1,0
0,1,0
0,1,0
0,1,0
0,1,0
0,1,0
0,1,0
0,1,0
0,1,0
1,1,0
1,1,0
0,1,0
0,1,0
0,1,0
1,1,0
0,1,0
0,1,0
0,1,0
0,1,1
0,1,0
0,1,1
0,1,0
0,1,0
0,1,0
0,1,0
0,1,0
0,1,0
0,1,0
0,1,0
1,1,0
0,1,0
0,1,0
0,1,0
0,1,0
0,1,0
0,1,0
0,1,0
0,1,0
0,1,0
0,1,0
0,1,0
0,1,0
0,1,0
0,1,0
0,1,0
0,1,0
0,1,0
0,1,0
0,1,0
0,1,0
0,1,0
0,1,0
0,1,0
0,1,0
0,1,0
0,1,0
0,1,0
0,1,0
0,1,0
0,1,0
0,0,0
0,1,0
0,1,0
0,1,0
0,1,0
0,1,0
0,1,0
0,1,0
0,1,0
0,1,0
0,1,0
0,1,0
0,1,0
0,1,0
0,1,0
0,1,0
0,1,0
0,1,0
0,1,0
0,1,0
0,1,0
0,1,0
0,1,0
0,1,0
0,0,0
0,0,0
0,0,0
0,0,0
0,0,0
0,0,0
0,0,0
0,0,0
0,1,0
0,0,0
0,1,0
0,0,0
0,0,0
0,1,0
0,0,0
0,1,0
0,1,1
0,1,1
0,1,1
0,1,1
0,1,1
0,1,1
0,1,1
0,1,1
0,1,1
0,1,0
0,1,0
0,1,0
0,1,0
0,1,0
0,1,0
0,1,0
0,1,0
1,1,0
1,1,0
0,1,0
0,1,0
0,1,0
0,1,0
0,1,0
0,1,0
0,1,0
0,1,0
0,1,0
0,1,0
0,1,0
1,1,0
0,1,0
0,1,0
1,1,0
0,1,0
0,1,0
0,1,0
0,1,0
0,1,0
0,1,0
0,1,0
0,1,0
0,1,0
0,1,1
0,1,0
0,1,0
0,1,0
0,1,0
0,1,0
0,1,0
0,1,0
0,1,0
0,1,0
0,1,0
0,1,0
0,1,0
0,1,0
0,1,0
0,1,0
0,1,0
0,1,0
0,1,0
0,1,0
0,1,0
0,1,0
0,1,0
0,1,0
0,1,0
0,1,0
0,1,0
0,1,0
0,1,0
0,1,1
0,1,1
0,1,1
0,1,1
1,1,0
1,1,0
0,1,0
1,1,0
0,1,0
1,1,0
1,1,0
1,1,0
1,1,0
0,1,0
0,1,0
0,1,0
0,1,0
0,1,0
0,1,0
0,1,0
0,1,0
0,1,0
0,1,0
0,1,0
0,1,0
0,1,0
0,1,0
0,1,0
0,1,0
0,1,0
0,1,0
0,1,0
0,1,0
0,1,0
0,1,0
0,1,0
0,1,0
0,1,0
0,1,0
0,1,0
0,1,0
0,1,0
0,1,0
0,1,0
0,1,0
0,1,0
0,1,0
0,1,0
0,1,0
0,1,0
0,1,0
0,1,0
1,1,0
1,1,0
1,1,0
1,1,0
1,1,0
0,1,0
1,1,0
0,1,0
0,1,0
0,1,0
0,1,0
0,1,0
0,1,0
0,1,0
0,1,0
0,1,0
0,1,0
0,1,0
0,1,0
0,1,0
0,1,0
0,1,0
0,1,0
0,1,0
0,1,0
0,1,0
0,1,0
0,1,0
0,1,0
0,1,0
0,1,0
1,1,0
1,1,0
1,1,0
0,1,0
0,1,0
0,1,0
0,1,0
0,1,0
0,1,0
1,1,0
1,1,0
1,1,0
0,1,0
1,1,0
1,1,0
1,1,0
1,1,0
0,1,0
1,1,0
0,1,1
0,1,1
0,1,0
0,1,0
0,1,0
0,1,0
1,1,0
0,1,0
0,1,0
0,1,0
0,1,0
0,1,0
0,1,0
0,1,0
0,1,0
0,1,0
0,1,0
0,1,0
0,1,0
0,1,0
0,1,0
0,1,0
0,1,0
0,1,0
0,1,0
0,1,0
0,1,0
0,1,0
0,1,0
0,1,0
0,1,0
0,1,0
0,1,0
0,1,0
0,1,0
0,1,0
0,1,0
0,1,0
0,1,0
0,1,0
0,1,0
0,1,0
0,1,0
0,1,0
0,1,0
0,1,0
0,1,0
0,1,0
0,1,0
0,1,0
0,1,1
1,1,0
0,1,0
0,1,0
0,1,0
0,1,0
0,1,0
0,1,0
0,1,0
0,1,0
1,1,0
0,1,0
0,1,0
0,1,0
0,1,0
0,1,0
0,1,0
0,1,0
1,1,0
0,1,0
0,1,0
0,1,0
0,1,0
0,1,0
1,1,0
0,1,0
0,1,0
1,1,0
0,1,0
0,1,0
0,1,0
0,1,0
0,1,0
0,1,0
0,1,0
0,1,0
0,1,0
1,1,1
0,1,0
0,1,0
0,1,0
1,1,1
0,1,0
1,1,0
1,1,0
1,1,0
1,1,0
1,1,0
1,1,0
0,1,0
0,1,0
0,1,0
0,1,0
0,1,0
0,1,0
0,1,0
0,1,0
0,1,0
1,1,1
1,1,1
0,1,1
1,1,1
0,1,1
0,1,1
0,1,1
0,1,0
0,1,0
0,1,0
1,1,1
1,1,1
1,1,1
1,1,1
1,1,1
1,1,1
0,1,0
0,1,1
0,1,0
0,1,0
1,1,0
0,1,0
0,1,0
0,1,0
0,1,0
0,1,0
0,1,0
0,1,0
0,1,0
1,1,0
0,1,0
0,1,0
0,1,0
1,1,0
0,1,0
1,1,1
1,1,1
1,1,1
0,1,0
1,1,0
0,1,0
0,1,0
0,1,0
0,1,0
0,1,0
1,1,1
1,1,1
1,1,1
1,1,1
1,1,1
1,1,1
1,1,1
1,1,1
1,1,1
1,1,1
1,1,1
1,1,1
0,1,0
0,1,0
0,1,0
1,1,0
0,1,0
0,1,0
1,1,0
1,1,0
1,1,0
1,1,0
1,1,0
0,1,1
0,1,1
0,1,1
0,1,0
0,1,1
0,1,1
0,1,1
0,1,1
0,1,1
0,1,0
0,1,1
0,1,0
0,1,1
1,1,0
1,1,1
0,1,1
1,1,1
1,1,1
1,1,1
1,1,1
1,1,0
1,1,0
1,1,0
1,1,0
1,1,0
1,1,0
1,1,1
1,1,1
0,1,0
0,1,0
0,1,0
0,1,0
1,1,0
1,1,0
1,1,0
1,1,0
0,1,0
0,1,0
0,1,0
0,1,0
0,1,0
0,1,0
0,1,0
0,1,0
0,1,0
1,1,0
0,1,0
0,1,0
1,1,0
0,1,0
0,1,0
0,1,0
1,1,0
1,1,0
1,1,0
1,1,0
1,1,0
1,1,0
1,1,0
0,1,1
0,1,1
0,1,0
0,1,0
1,1,0
1,1,0
1,1,0
1,1,0
1,1,0
1,1,1
1,1,1
0,1,0
1,1,0
1,1,0
0,1,0
1,1,0
1,1,0
1,1,0
1,1,1
0,1,0
0,1,0
0,1,0
1,1,1
1,1,1
1,1,1
1,1,1
1,1,1
1,1,1
1,1,1
1,1,0
1,1,0
1,1,0
1,1,0
1,1,0
1,1,0
1,1,0
1,1,0
1,1,0
1,1,0
1,1,0
1,1,0
1,1,0
0,1,0
1,1,0
0,1,0
1,1,0
0,1,0
0,1,0
0,1,0
0,1,0
0,1,0
0,1,0
0,1,0
0,1,0
0,1,0
0,1,0
0,1,0
0,1,0
0,1,0
1,1,0
0,1,0
0,1,0
0,1,0
0,1,0
0,1,0
0,1,0
0,1,0
1,1,0
1,1,0
1,1,0
0,1,0
1,1,0
0,1,0
0,1,0
1,1,0
0,1,1
0,1,0
1,1,0
0,1,0
0,1,0
0,1,0
0,1,0
0,1,0
0,1,1
0,1,1
0,1,1
0,1,1
0,1,1
0,1,1
0,1,1
0,1,1
0,1,1
0,1,1
0,1,0
1,1,1
1,1,1
0,1,0
0,1,0
1,1,0
1,1,0
1,1,0
1,1,1
1,1,1
1,1,1
1,1,1
1,1,1
1,1,0
1,1,0
1,1,0
1,1,1
1,1,1
1,1,1
1,1,1
1,1,1
1,1,1
1,1,1
1,1,1
1,1,1
1,1,1
1,1,0
1,1,0
1,1,0
1,1,0
1,1,0
1,1,0
1,1,1
1,1,1
1,1,1
1,1,1
1,1,1
1,1,1
1,1,1
1,1,1
1,1,1
1,1,1
1,1,1
1,1,1
1,1,1
1,1,1
1,1,1
1,1,1
1,1,1
1,1,1
1,1,1
1,1,1
1,1,1
1,1,1
1,1,1
1,1,1
1,1,1
1,1,1
1,1,1
1,1,1
1,1,1
1,1,1
1,1,1
1,1,1
1,1,1
1,1,1
1,1,1
1,1,0
1,1,1
1,1,1
1,1,1
1,1,1
1,1,1
1,1,1
1,1,1
1,1,1
1,1,0
1,1,1
1,1,1
1,1,1
1,1,1
1,1,1
0,1,0
0,1,1
0,1,0
1,1,1
1,1,1
0,1,0
1,1,0
1,1,1
0,1,0
0,1,0
0,1,0
0,1,0
0,1,0
0,1,0
0,1,0
0,1,0
0,1,0
0,1,0
0,1,0
0,1,0
1,1,1
1,1,1
0,1,0
0,1,1
0,1,0
0,1,0
0,1,0
0,1,0
0,1,0
0,1,0
0,1,1
0,1,0
1,1,0
0,1,0
0,1,0
0,1,0
0,1,0
1,1,1
0,1,0
0,1,0
0,1,0
0,1,0
1,1,0
1,1,0
1,1,0
1,1,0
0,1,0
1,1,0
0,1,0
1,1,0
1,1,0
1,1,0
0,1,0
0,1,0
0,1,0
0,1,0
1,1,0
0,1,0
1,1,0
1,1,0
1,1,0
1,1,0
1,1,0
1,1,0
1,1,0
1,1,0
0,1,0
0,1,0
0,1,0
1,1,1
1,1,0
1,1,0
1,1,0
1,1,0
1,1,0
0,1,0
0,1,0
0,1,0
1,1,1
1,1,1
0,1,0
1,1,0
0,1,0
0,1,0
0,1,1
1,1,0
1,1,0
0,1,0
0,1,0
1,1,0
1,1,0
1,1,0
0,1,0
1,1,0
0,1,0
1,1,1
1,1,1
1,1,0
1,1,0
1,1,0
1,1,0
0,1,1
0,1,0
1,1,0
0,1,0
1,1,0
1,1,0
1,1,0
1,1,0
1,1,0
1,1,0
1,1,0
1,1,0
0,1,0
0,1,0
0,1,0
0,1,0
0,1,0
0,1,0
0,1,0
1,1,0
1,1,0
1,1,0
1,1,0
1,1,0
0,1,0
1,1,0
1,1,0
1,1,0
1,1,0
0,1,0
1,1,0
0,1,1
0,1,0
0,1,0
0,1,0
0,1,0
0,1,0
0,1,1
0,1,0
0,1,0
0,1,0
0,1,0
0,1,0
1,1,0
1,1,0
0,1,0
0,1,0
0,1,0
0,1,0
0,1,0
0,1,0
0,1,0
0,1,0
0,1,0
0,1,0
0,1,1
0,1,1
0,1,0
1,1,0
0,1,0
1,1,0
1,1,0
1,1,0
1,1,0
1,1,0
1,1,0
1,1,1
1,1,1
1,1,0
0,1,0
1,1,1
1,1,0
1,1,0
1,1,0
1,1,0
1,1,0
1,1,1
1,1,1
1,1,0
1,1,0
1,1,1
1,1,1
1,1,1
1,1,1
1,1,1
1,1,0
1,1,0
1,1,0
1,1,1
1,1,1
1,1,1
1,1,0
1,1,1
1,1,1
1,1,0
1,1,0
1,1,0
1,1,0
0,1,0
0,1,0
0,1,0
0,1,0
0,1,0
0,1,0
0,1,0
0,1,0
0,1,0
0,1,0
0,1,0
0,1,0
0,1,0
0,1,0
0,1,0
0,1,0
0,1,0
0,1,0
0,1,0
0,1,0
0,1,0
0,1,0
0,1,0
0,1,0
0,1,0
0,1,0
0,1,0
0,1,0
0,1,0
0,1,0
1,1,0
0,1,0
0,1,0
0,1,0
0,1,0
0,1,0
0,1,0
0,1,0
0,1,0
0,1,0
0,1,0
0,1,0
0,1,0
1,1,0
0,1,0
0,1,1
0,1,0
1,1,0
1,1,0
0,1,0
0,1,0
0,1,0
0,1,0
0,1,0
0,1,0
0,1,0
0,1,0
0,1,0
0,1,0
0,1,0
0,1,0
0,1,0
0,1,0
0,1,0
0,1,0
0,1,0
0,1,0
0,1,0
0,1,0
0,1,0
0,1,0
0,1,0
0,1,0
0,1,0
0,1,0
0,1,0
0,1,0
0,1,0
0,1,0
0,1,0
0,1,0
0,1,0
0,1,0
1,1,0
0,1,0
0,1,0
1,1,0
1,1,0
0,1,0
0,1,0
0,1,0
0,1,0
0,1,0
0,1,0
0,1,0
0,1,0
0,1,0
0,1,0
0,1,0
0,1,0
0,1,0
0,1,0
0,1,0
0,1,0
0,1,0
0,1,0
0,1,0
0,1,0
1,1,0
0,1,0
0,1,0
0,1,0
0,1,0
0,1,0
0,1,0
0,1,0
0,1,0
0,1,0
0,1,0
1,1,0
0,1,0
0,1,0
0,1,0
0,1,0
0,1,0
0,1,0
0,1,0
0,1,0
0,1,0
0,1,0
0,1,0
0,1,0
0,1,0
0,1,0
0,1,0
0,1,0
0,1,1
0,1,0
0,1,0
0,1,0
0,1,0
0,1,0
0,1,0
0,1,0
0,1,0
0,1,0
0,1,0
0,1,0
1,1,0
0,1,0
0,1,0
0,1,0
0,1,0
0,1,0
0,1,0
0,1,0
0,1,0
0,1,0
0,1,0
0,1,0
0,1,0
0,1,0
0,1,0
0,1,0
0,1,1
0,1,0
0,1,1
0,1,0
0,1,0
0,1,1
0,1,1
0,1,1
0,1,1
1,1,1
0,1,0
0,1,0
0,1,0
0,1,0
0,1,0
0,1,0
0,1,0
1,1,0
0,1,0
0,1,0
0,1,0
0,1,0
0,1,0
0,1,0
1,1,0
0,1,0
0,1,0
0,1,0
0,1,0
0,1,0
0,1,0
0,1,0
0,1,0
0,1,0
0,1,0
0,1,0
0,1,0
0,1,0
0,1,1
1,1,0
0,1,0
1,1,0
1,1,1
0,1,0
0,1,0
0,1,0
0,1,0
0,1,0
0,1,0
0,1,0
0,1,0
0,1,0
0,1,0
0,1,0
0,1,0
0,1,0
0,1,0
0,1,0
0,1,0
0,1,0
0,1,0
0,1,0
0,1,0
0,1,0
0,1,0
0,1,0
0,1,0
0,1,0
0,1,0
1,1,0
0,1,0
0,1,0
0,1,0
0,1,0
0,1,0
0,1,0
0,1,0
0,1,0
0,1,0
0,1,0
0,1,0
0,1,0
0,1,0
0,1,0
0,1,0
0,1,0
0,1,0
0,1,0
0,1,0
0,1,0
0,1,0
0,1,0
0,1,0
0,1,0
0,1,0
1,1,1
1,1,1
0,1,0
0,1,0
0,1,0
0,1,0
0,1,0
0,1,0
1,1,0
1,1,0
1,1,0
1,1,0
1,1,0
0,1,0
0,1,0
0,1,0
0,1,0
0,1,0
1,1,0
0,1,0
0,1,0
0,1,0
0,1,0
0,1,0
0,1,0
0,1,0
0,1,0
0,1,0
0,1,0
0,1,0
0,1,0
0,1,0
0,1,0
0,1,0
0,1,0
0,1,0
0,1,0
0,1,0
1,1,0
0,1,0
0,1,0
0,1,0
0,1,0
0,1,0
0,1,0
0,1,0
0,1,0
0,1,0
0,1,0
0,1,0
0,1,0
0,1,0
0,1,0
0,1,0
0,1,0
0,1,0
0,1,0
0,1,0
0,1,0
0,1,0
0,1,0
0,1,0
0,1,0
0,1,0
0,1,0
0,1,1
0,1,1
0,1,1
0,1,1
0,1,1
0,1,1
0,1,1
0,1,0
0,1,1
0,1,1
0,1,1
0,1,0
0,1,0
0,1,0
0,1,0
0,1,0
0,1,0
0,1,0
0,1,1
0,1,0
1,1,0
1,1,0
1,1,1
0,1,0
0,1,0
0,1,0
1,1,0
1,1,0
0,1,1
0,1,0
1,1,0
1,1,0
1,1,0
1,1,0
1,1,0
1,1,0
1,1,0
1,1,0
0,1,0
1,1,0
1,1,0
1,1,0
1,1,0
0,1,0
0,1,0
0,1,0
0,1,0
0,1,0
0,1,0
0,1,0
0,1,0
0,1,0
0,1,0
0,1,1
0,1,1
0,1,0
0,1,0
0,1,0
0,1,0
0,1,0
0,1,1
0,1,1
0,1,1
0,1,0
0,1,0
1,1,0
1,1,0
1,1,0
1,1,0
0,1,0
1,1,0
1,1,0
1,1,0
1,1,0
1,1,0
1,1,0
1,1,0
0,1,0
0,1,0
0,1,1
0,1,0
0,1,1
0,1,1
0,1,1
0,1,1
0,1,1
0,1,0
0,1,0
0,1,0
0,1,0
0,1,0
0,1,0
0,1,0
0,1,0
1,1,0
1,1,0
1,1,0
1,1,0
1,1,0
1,1,0
1,1,0
0,1,0
1,1,0
1,1,0
1,1,0
1,1,0
1,1,0
1,1,0
1,1,0
1,1,0
1,1,0
1,1,0
0,1,0
0,1,0
1,1,0
1,1,0
1,1,0
1,1,0
1,1,0
1,1,0
1,1,0
1,1,0
1,1,0
1,1,0
1,1,0
1,1,0
1,1,0
1,1,0
1,1,0
1,1,0
1,1,0
1,1,0
1,1,0
1,1,0
1,1,0
1,1,0
1,1,0
1,1,0
1,1,0
1,1,0
1,1,0
1,1,0
1,1,0
1,1,0
1,1,0
1,1,0
1,1,0
1,1,0
1,1,0
1,1,0
1,1,0
1,1,0
1,1,0
1,1,0
1,1,0
1,1,0
1,1,0
1,1,0
1,1,0
1,1,0
1,1,0
1,1,0
1,1,0
1,1,0
1,1,0
1,1,0
1,1,0
1,1,0
1,1,0
1,1,0
1,1,0
1,1,0
1,1,0
1,1,0
1,1,0
1,1,0
1,1,0
1,1,0
1,1,0
1,1,0
1,1,0
1,1,0
1,1,0
1,1,0
1,1,0
1,1,0
1,1,0
1,1,0
1,1,0
1,1,0
1,1,0
1,1,0
1,1,0
1,1,0
1,1,0
1,1,0
1,1,0
1,1,0
1,1,0
1,1,0
1,1,0
1,1,0
1,1,0
1,1,0
1,1,0
1,1,0
1,1,0
1,1,0
1,1,0
1,1,0
1,1,0
1,1,0
1,1,0
1,1,0
1,1,0
1,1,0
1,1,0
1,1,0
1,1,0
1,1,0
1,1,0
1,1,0
1,1,0
1,1,0
1,1,0
1,1,0
1,1,0
1,1,0
1,1,0
1,1,0
1,1,0
0,1,0
0,1,0
0,1,1
0,1,0
0,1,0
0,1,0
0,1,1
0,1,1
0,1,1
0,1,1
1,1,0
0,1,0
0,1,0
0,1,0
0,1,0
0,1,0
0,1,0
0,1,0
0,1,0
0,1,0
0,1,0
0,1,0
0,1,0
0,1,0
0,1,0
0,1,0
0,1,0
0,1,0
0,1,0
0,1,0
0,1,0
0,1,0
0,1,0
1,1,0
0,1,0
0,1,0
1,1,0
0,1,0
0,1,0
0,1,0
0,1,0
0,1,0
0,1,0
0,1,0
0,1,0
0,1,0
0,1,0
0,1,0
0,1,0
0,1,0
0,1,0
0,1,0
0,1,0
0,1,0
0,1,0
0,1,0
0,1,0
0,1,0
0,1,1
0,1,0
0,1,0
0,1,0
1,1,0
1,1,0
1,1,0
1,1,0
0,1,0
0,1,0
0,1,0
0,1,0
0,1,0
0,1,0
0,1,0
0,1,0
0,1,0
0,1,0
0,1,0
0,1,0
0,1,0
0,1,0
0,1,0
0,1,0
0,1,0
0,1,1
0,1,1
0,1,1
0,1,1
0,1,1
0,1,1
0,1,1
0,1,0
0,1,0
1,1,0
1,1,0
1,1,0
0,1,0
0,1,0
0,1,1
0,1,0
0,1,0
0,1,1
0,1,1
0,1,1
0,1,1
0,1,0
0,1,1
0,1,1
0,1,1
0,1,1
0,1,1
0,1,1
0,1,1
0,1,1
1,1,1
1,1,1
0,1,1
0,1,1
0,1,1
0,1,1
0,1,1
0,1,1
0,1,1
0,1,1
0,1,1
1,1,1
1,1,1
1,1,1
1,1,1
1,1,1
1,1,1
0,1,1
0,1,1
0,1,1
0,1,1
0,1,1
0,1,1
0,1,1
0,1,1
0,1,1
0,1,1
0,1,1
0,1,1
0,1,0
0,1,1
0,1,1
0,1,1
0,1,1
0,1,1
0,1,1
0,1,1
0,1,1
0,1,1
1,1,1
1,1,1
1,1,1
0,1,0
1,1,0
1,1,0
1,1,0
1,1,0
1,1,0
0,1,0
0,1,0
0,1,0
0,1,0
0,1,0
0,1,0
1,1,0
1,1,0
0,1,0
0,1,0
0,1,0
1,1,0
0,1,0
0,1,0
0,1,0
0,1,0
0,1,0
1,1,0
1,1,0
0,1,0
0,1,0
0,1,0
0,1,0
0,1,0
0,1,0
0,1,0
0,1,0
0,1,0
0,1,0
0,1,0
0,1,0
0,1,0
0,1,0
0,1,1
0,1,1
0,1,1
0,1,1
0,1,1
0,1,1
0,1,1
0,1,0
0,1,1
0,1,0
0,1,0
0,1,0
0,1,0
0,1,0
0,1,0
1,1,0
0,1,1
0,1,0
0,1,0
0,1,0
0,1,0
0,1,0
0,1,1
0,1,0
0,1,0
0,1,0
0,1,0
0,1,0
0,1,0
0,1,0
0,1,0
0,1,0
0,1,0
0,1,0
0,1,0
0,1,0
0,1,0
0,1,0
0,1,0
0,1,0
0,1,0
0,1,0
0,1,0
0,1,0
0,1,0
0,1,0
0,1,0
0,1,0
0,1,0
0,1,0
0,1,0
0,1,0
0,1,0
0,1,0
0,1,1
0,1,0
0,1,0
0,1,0
0,1,0
0,1,0
0,1,0
0,1,0
0,1,0
0,1,0
0,1,0
0,1,0
0,1,0
0,1,0
0,1,0
0,1,0
0,1,0
0,1,0
0,1,0
0,1,0
0,1,0
0,1,0
0,1,0
0,1,0
0,1,0
0,1,0
0,1,0
0,1,0
0,1,0
0,1,0
0,1,0
0,1,0
0,1,0
0,1,0
0,1,0
0,1,0
0,1,0
0,1,0
0,1,0
0,1,0
0,1,0
0,1,0
0,1,0
0,1,0
1,1,0
0,1,0
0,1,0
0,1,0
0,1,0
0,1,0
0,1,0
0,1,0
0,1,0
0,1,0
0,1,0
0,1,0
0,1,0
0,1,0
0,1,0
0,1,0
0,1,0
0,1,0
0,1,0
0,1,0
0,1,0
0,1,0
0,1,0
0,1,1
1,1,1
1,1,0
1,1,0
1,1,0
1,1,0
1,1,0
1,1,0
1,1,0
1,1,0
1,1,0
1,1,0
0,1,0
0,1,0
0,1,0
0,1,0
0,1,0
0,1,0
0,1,0
0,1,0
0,1,0
0,1,1
0,1,0
0,1,1
0,1,0
0,1,0
0,1,0
0,1,0
0,1,1
0,1,1
0,1,0
0,1,0
0,1,0
1,1,1
0,1,0
0,1,1
0,1,0
0,1,0
0,1,1
0,1,0
0,1,0
0,1,0
0,1,0
0,1,0
0,1,0
0,1,0
0,1,1
0,1,0
0,1,0
0,1,0
0,1,0
0,1,0
1,1,0
0,1,1
0,1,0
0,1,0
1,1,1
1,1,1
1,1,1
0,1,0
0,1,0
0,1,0
0,1,1
0,1,0
0,1,0
0,1,0
0,1,0
0,1,1
0,1,1
0,1,1
0,1,1
0,1,1
0,1,0
0,1,1
0,1,1
0,1,0
0,1,1
0,1,0
0,1,0
0,1,0
0,1,0
1,1,1
1,1,1
1,1,1
0,1,0
0,1,0
0,1,1
0,1,0
0,1,1
1,1,1
1,1,0
0,1,0
0,1,0
0,1,0
0,1,0
0,1,0
0,1,0
0,1,0
0,1,0
0,1,0
0,1,0
0,1,0
0,1,0
0,1,0
0,1,0
0,1,0
0,1,0
0,1,0
0,1,0
0,1,0
0,1,0
0,1,0
0,1,0
0,1,0
0,1,0
0,1,0
0,1,0
0,1,0
1,1,0
1,1,0
0,1,0
1,1,0
1,1,0
1,1,0
0,1,0
0,1,0
0,1,0
0,1,0
0,1,0
0,1,0
0,1,0
0,1,0
0,1,0
0,1,0
0,1,0
0,1,0
0,1,0
0,1,0
0,1,0
0,1,0
0,1,0
0,1,0
0,1,0
0,1,0
0,1,0
0,1,0
0,1,0
0,1,0
0,1,0
0,1,0
0,1,0
0,1,0
0,1,0
0,1,0
0,1,0
0,1,0
0,1,0
0,1,0
0,1,0
0,1,0
0,1,0
0,1,0
0,1,0
0,1,0
0,1,0
0,1,0
0,1,0
0,1,0
0,1,0
0,1,0
0,1,0
0,1,0
0,1,0
0,1,0
0,1,0
0,1,0
0,1,0
0,1,0
0,1,0
1,1,1
1,1,1
0,1,1
0,1,1
0,1,0
1,1,1
0,1,1
0,1,0
0,1,0
0,1,0
0,1,0
0,1,0
0,1,0
0,1,0
0,1,0
0,1,0
0,1,1
0,1,1
1,1,1
0,1,0
0,1,0
0,1,0
0,1,0
0,1,0
0,1,0
0,1,0
0,1,0
0,1,0
0,1,0
0,1,0
0,1,0
0,1,0
1,1,0
0,1,0
0,1,0
0,1,0
0,1,0
0,1,0
0,1,0
0,1,1
0,1,1
0,1,1
0,1,0
0,1,0
0,1,0
0,1,0
0,1,0
0,1,0
0,1,0
0,1,0
0,1,0
0,1,0
0,1,0
0,1,0
0,1,0
0,1,0
0,1,1
0,1,0
1,1,1
0,1,0
0,1,0
0,1,0
0,1,0
0,1,0
0,1,1
0,1,0
0,1,0
0,1,0
1,1,0
0,1,0
0,1,0
0,1,0
0,1,0
0,1,0
0,1,0
0,1,0
0,1,0
0,1,0
0,1,0
0,1,0
0,1,0
0,1,0
0,1,0
0,1,0
0,1,0
0,1,0
0,1,0
0,1,0
0,1,0
0,1,0
0,1,0
0,1,0
0,1,0
0,1,0
0,1,0
0,1,0
0,1,0
0,1,0
0,1,0
0,1,0
0,1,0
0,1,0
0,1,0
0,1,0
0,1,0
0,1,0
0,1,0
0,1,0
0,1,0
0,1,0
0,1,0
0,1,0
0,1,0
1,1,1
0,1,0
0,1,0
1,1,0
1,1,0
0,1,0
1,1,0
1,1,0
1,1,0
1,1,0
0,1,0
0,1,0
0,1,0
0,1,0
1,1,0
0,1,0
0,1,0
0,1,0
0,1,0
0,1,0
0,1,0
0,1,0
0,1,0
0,1,0
0,1,0
0,1,0
0,1,1
0,1,1
0,1,0
1,1,0
0,1,0
0,1,0
1,1,0
1,1,0
0,1,0
0,1,1
0,1,0
0,1,0
0,1,0
0,1,0
0,1,0
0,1,0
0,1,0
0,1,0
0,1,0
0,1,0
0,1,0
0,1,0
0,1,0
1,1,1
0,1,0
0,1,0
0,1,0
1,1,1
0,1,0
1,1,0
1,1,0
0,1,0
1,1,0
0,1,0
0,1,0
0,1,1
0,1,0
0,1,1
1,1,0
0,1,0
0,1,1
0,1,1
0,1,1
0,1,0
0,1,0
0,1,0
0,1,0
0,1,0
0,1,0
0,1,0
0,1,0
0,1,0
1,1,0
0,1,0
0,1,0
0,1,0
0,1,0
0,1,0
0,1,0
0,1,0
0,1,0
0,1,0
0,1,0
0,1,0
0,1,0
0,1,0
0,1,0
0,1,0
0,1,0
0,1,0
0,1,0
0,1,0
0,1,0
0,1,0
0,1,0
0,1,1
0,1,1
0,1,1
0,1,1
0,1,1
0,1,1
0,1,1
0,1,1
0,1,1
0,1,1
0,1,1
0,1,0
0,1,0
0,1,0
0,1,0
1,1,0
1,1,0
0,1,0
0,1,0
0,1,0
0,1,0
0,1,0
0,1,0
0,1,0
0,1,0
0,1,0
0,1,0
0,1,0
0,1,0
0,1,0
0,1,0
0,1,0
0,1,0
0,1,0
0,1,0
0,1,0
0,1,0
1,1,0
0,1,0
0,1,0
0,1,0
0,1,0
0,1,0
0,1,0
0,1,0
0,1,0
0,1,0
0,1,0
0,1,0
0,1,0
0,1,0
0,1,0
0,1,1
0,1,0
0,1,0
0,1,0
0,1,0
0,1,0
0,1,0
0,1,0
0,1,0
0,1,1
0,1,0
0,1,0
0,1,0
0,1,0
0,1,0
0,1,1
0,1,1
0,1,0
0,1,1
0,1,1
0,1,1
0,1,1
0,1,1
0,1,1
0,1,1
0,1,1
0,1,1
0,1,0
0,1,0
0,1,0
0,1,0
0,1,0
0,1,1
0,1,1
1,1,0
1,1,1
0,1,0
1,1,0
0,1,0
0,1,0
0,1,0
0,1,0
0,1,0
0,1,0
0,1,0
0,1,0
0,1,0
0,1,0
0,1,0
0,1,0
0,1,0
0,1,0
0,1,0
0,1,0
0,1,0
0,1,0
0,1,0
0,1,0
0,1,0
0,1,0
0,1,0
0,1,0
0,1,0
0,1,0
0,1,0
1,1,1
0,1,0
1,1,0
1,1,0
1,1,0
1,1,0
1,1,0
0,1,0
0,1,0
0,1,0
0,1,0
0,1,0
0,1,0
0,1,1
0,1,1
0,1,1
0,1,0
0,1,0
0,1,0
1,1,0
0,1,0
0,1,0
0,1,0
0,1,0
0,1,0
0,1,0
0,1,0
0,1,0
0,1,0
0,1,0
0,1,0
0,1,0
0,1,0
0,1,1
0,1,0
1,1,0
1,1,0
1,1,1
0,1,0
0,1,0
0,1,0
1,1,0
1,1,0
0,1,0
1,1,0
1,1,0
0,1,0
0,1,0
0,1,0
0,1,0
0,1,0
0,1,0
0,1,0
0,1,0
0,1,0
0,1,0
0,1,0
0,1,0
1,1,0
0,1,1
0,1,1
0,1,0
0,1,0
0,1,0
0,1,0
0,1,1
0,1,0
0,1,1
0,1,0
0,1,1
0,1,1
0,1,1
0,1,1
0,1,1
1,1,0
1,1,1
1,1,1
1,1,1
1,1,1
0,1,0
0,1,0
0,1,0
0,1,0
0,1,0
0,1,0
0,1,0
1,1,0
0,1,0
1,1,1
1,1,1
0,1,0
0,1,0
0,1,0
0,1,0
0,1,0
0,1,0
0,1,1
1,1,0
0,1,0
0,1,0
0,1,0
0,1,0
1,1,1
0,1,0
0,1,0
1,1,0
1,1,1
0,1,0
1,1,0
0,1,0
0,1,0
0,1,0
1,1,0
1,1,0
1,1,0
0,1,0
0,1,0
0,1,0
0,1,0
0,1,0
0,1,0
0,1,0
0,1,1
0,1,0
0,1,1
0,1,0
0,1,1
0,1,0
0,1,0
0,1,0
0,1,0
0,1,0
0,1,0
0,1,0
0,1,0
0,1,0
0,1,0
0,1,0
0,1,0
0,1,0
0,1,0
0,1,0
0,1,0
0,1,0
0,1,0
0,1,0
1,1,0
0,1,0
0,1,0
0,1,0
0,1,0
0,1,0
0,1,0
0,1,0
0,1,0
0,1,0
0,1,0
0,1,0
0,1,0
1,1,0
0,1,0
0,1,0
0,1,0
0,1,0
1,1,0
0,1,0
0,1,0
0,1,0
0,1,0
0,1,0
1,1,0
1,1,0
0,1,0
0,1,0
0,1,0
0,1,0
0,1,0
0,1,0
0,1,0
0,1,0
0,1,1
0,1,0
0,1,1
0,1,0
0,1,0
0,1,0
0,1,0
0,1,1
0,1,0
1,1,0
0,1,0
1,1,0
0,1,0
0,1,0
0,1,0
0,1,0
0,1,0
0,1,0
0,1,0
0,1,0
1,1,0
1,1,0
1,1,0
0,1,0
1,1,0
0,1,0
0,1,0
0,1,0
0,1,0
0,1,0
0,1,0
0,1,0
0,1,0
1,1,0
0,1,0
0,1,0
0,1,0
0,1,0
0,1,0
0,1,0
0,1,0
0,1,0
0,1,0
0,1,0
0,1,1
0,1,0
0,1,0
0,1,0
0,1,0
0,1,0
0,1,0
0,1,0
0,1,0
0,1,0
1,1,1
0,1,0
0,1,0
0,1,0
0,1,0
0,1,0
0,1,0
0,1,0
0,1,0
0,1,0
1,1,0
1,1,0
0,1,0
1,1,0
1,1,0
1,1,0
1,1,0
1,1,0
1,1,0
0,1,0
0,1,0
0,1,0
0,1,0
0,1,0
0,1,0
0,1,0
0,1,0
0,1,1
0,1,1
0,1,0
1,1,0
0,1,0
0,1,0
0,1,0
0,1,0
1,1,1
0,1,0
0,1,0
0,1,0
0,1,0
0,1,0
0,1,0
0,1,0
0,1,0
0,1,0
0,1,0
0,1,0
0,1,0
0,1,0
0,1,0
0,1,0
0,1,0
1,1,0
0,1,0
0,1,0
0,1,0
0,1,0
0,1,0
0,1,0
0,1,0
0,1,0
0,1,0
0,1,0
0,1,0
0,1,0
0,1,0
1,1,0
0,1,0
0,1,0
0,1,0
0,1,0
0,1,0
0,1,0
0,1,0
0,1,0
0,1,0
0,1,0
0,1,0
1,1,0
0,1,0
0,1,0
0,1,0
0,1,0
0,1,0
0,1,0
0,1,0
0,1,0
0,1,0
0,1,0
0,1,0
0,1,0
0,1,0
0,1,0
0,1,0
1,1,0
1,1,0
1,1,0
0,1,0
0,1,0
0,1,0
0,1,0
0,1,0
0,1,0
0,1,0
0,1,0
0,1,0
0,1,0
0,1,0
0,1,1
0,1,0
0,1,0
0,1,0
0,1,0
0,1,0
0,1,0
0,1,0
1,1,0
0,1,0
0,1,0
1,1,0
1,1,0
0,1,0
0,1,0
0,1,0
0,1,0
0,1,0
0,1,0
0,1,0
0,1,0
0,1,0
0,1,0
0,1,0
0,1,0
0,1,0
1,1,0
1,1,0
1,1,0
1,1,0
1,1,0
1,1,0
1,1,0
1,1,0
1,1,0
1,1,0
1,1,0
1,1,0
1,1,0
1,1,0
1,1,0
1,1,0
1,1,0
1,1,0
1,1,0
1,1,0
1,1,0
1,1,0
1,1,0
1,1,0
1,1,0
1,1,0
1,1,0
1,1,0
0,1,0
0,1,0
0,1,0
0,1,0
0,1,0
0,1,0
0,1,0
0,1,0
0,1,0
0,1,0
0,1,1
0,1,1
0,1,0
0,1,0
0,1,0
1,1,0
0,1,0
0,1,1
0,1,0
0,1,0
0,1,0
0,1,0
0,1,0
0,1,0
0,1,0
0,1,0
0,1,0
0,1,0
0,1,0
1,1,0
0,1,0
1,1,0
0,1,0
0,1,0
0,1,0
0,1,0
1,1,0
1,1,0
0,1,0
0,1,0
0,1,0
1,1,0
1,1,0
1,1,0
1,1,0
0,1,0
0,1,0
0,1,0
0,1,0
1,1,0
0,1,0
1,1,0
0,1,0
0,1,0
0,1,0
0,1,0
0,1,0
0,1,0
0,1,0
1,1,0
1,1,0
0,1,0
0,1,0
1,1,0
1,1,0
1,1,0
1,1,0
1,1,0
1,1,0
1,1,0
0,1,0
0,1,0
0,1,0
0,1,0
0,1,0
0,1,0
0,1,0
0,1,0
0,1,0
0,1,0
0,1,0
0,1,0
0,1,0
0,1,0
0,1,0
0,1,0
0,1,0
0,1,0
0,1,0
0,1,0
0,1,0
0,1,0
1,1,0
0,1,0
0,1,0
0,1,0
0,1,0
0,1,0
0,1,0
0,1,0
0,1,0
0,1,0
0,1,0
0,1,0
0,1,0
0,1,0
0,1,0
0,1,0
0,1,0
0,1,0
0,1,0
0,1,0
1,1,0
0,1,0
0,1,0
0,1,0
0,1,0
0,1,0
0,1,0
0,1,0
0,1,0
0,1,0
0,1,0
0,1,0
0,1,0
1,1,0
0,1,0
1,1,0
1,1,0
0,1,0
1,1,0
1,1,0
1,1,0
1,1,0
1,1,0
1,1,0
1,1,0
1,1,0
1,1,0
1,1,0
1,1,0
0,1,0
0,1,0
1,1,0
0,1,0
1,1,0
1,1,0
1,1,0
1,1,0
1,1,0
1,1,0
1,1,0
1,1,0
0,1,0
0,1,0
1,1,0
0,1,0
1,1,0
0,1,0
1,1,0
0,1,0
1,1,0
0,1,0
0,1,0
0,1,0
0,1,0
1,1,0
1,1,0
0,1,0
1,1,0
0,1,0
1,1,0
1,1,0
1,1,0
0,1,0
0,1,0
0,1,0
1,1,0
0,1,0
0,1,0
1,1,0
0,1,0
1,1,0
0,1,1
0,1,1
1,1,0
0,1,1
0,1,1
0,1,0
0,1,0
0,1,0
1,1,0
1,1,0
1,1,0
1,1,0
1,1,0
1,1,0
1,1,0
1,1,0
1,1,0
1,1,0
1,1,0
0,1,0
0,1,0
0,1,0
0,1,0
0,1,0
1,1,0
0,1,0
1,1,0
1,1,0
1,1,0
0,1,0
0,1,0
1,1,0
1,1,0
0,1,0
1,1,0
1,1,0
0,1,0
0,1,0
1,1,0
0,1,0
1,1,0
1,1,0
0,1,0
0,1,0
1,1,0
1,1,0
1,1,0
1,1,0
1,1,0
1,1,0
1,1,0
1,1,0
1,1,0
1,1,0
1,1,0
1,1,0
1,1,0
1,1,0
1,1,0
1,1,0
1,1,0
1,1,0
1,1,0
1,1,0
1,1,0
1,1,0
1,1,0
1,1,0
1,1,0
1,1,0
1,1,0
1,1,0
1,1,0
1,1,0
1,1,0
1,1,0
1,1,0
1,1,0
1,1,0
1,1,0
1,1,0
1,1,0
1,1,0
1,1,0
1,1,0
1,1,0
1,1,0
1,1,0
1,1,0
1,1,0
1,1,0
1,1,0
1,1,0
1,1,0
1,1,0
1,1,0
1,1,0
1,1,0
1,1,0
1,1,0
1,1,0
1,1,0
1,1,0
1,1,0
1,1,0
1,1,0
1,1,0
1,1,0
1,1,0
1,1,0
1,1,0
1,1,0
1,1,0
1,1,0
1,1,0
1,1,0
1,1,0
1,1,0
1,1,0
0,1,0
0,1,0
0,1,0
1,1,0
0,1,0
0,1,0
1,1,0
1,1,0
1,1,0
0,1,1
0,1,1
0,1,0
0,1,0
0,1,0
0,1,0
1,1,0
0,1,0
0,1,0
1,1,0
0,1,0
0,1,0
0,1,0
0,1,0
0,1,0
0,1,0
0,1,0
0,1,0
0,1,0
1,1,0
0,1,0
0,1,0
0,1,0
0,1,0
0,1,0
0,1,0
0,1,0
0,1,0
0,1,0
0,1,0
0,1,0
0,1,0
0,1,0
0,1,0
1,1,0
0,1,0
0,1,0
1,1,0
0,1,0
0,1,1
0,1,0
0,1,0
1,1,0
1,1,0
1,1,0
1,1,0
0,1,0
0,1,0
0,1,0
0,1,0
0,1,0
0,1,0
0,1,0
0,1,0
0,1,0
0,1,0
0,1,0
0,1,0
0,1,0
0,1,0
0,1,0
0,1,0
0,1,0
0,1,0
0,1,0
0,1,0
0,1,0
0,1,0
0,1,0
0,1,0
0,1,0
1,1,0
0,1,1
0,1,0
0,1,1
0,1,0
0,1,0
0,1,0
0,1,0
0,1,0
0,1,0
0,1,0
0,1,0
0,1,0
0,1,0
0,1,0
0,1,0
1,1,0
0,1,0
0,1,0
0,1,0
0,1,0
0,1,0
0,1,0
0,1,0
0,1,0
0,1,0
1,1,0
1,1,0
0,1,0
0,1,0
1,1,0
0,1,0
1,1,0
1,1,0
1,1,0
0,1,0
0,1,0
0,1,0
1,1,0
1,1,0
1,1,0
1,1,0
1,1,0
1,1,0
1,1,0
1,1,0
1,1,0
0,1,0
1,1,0
1,1,0
0,1,0
0,1,0
0,1,0
0,1,0
1,1,0
0,1,0
1,1,0
1,1,0
0,1,0
0,1,0
1,1,0
0,1,1
0,1,1
0,1,1
1,1,0
0,1,1
0,1,1
0,1,1
0,1,1
1,1,1
0,1,1
1,1,1
1,1,1
1,1,1
1,1,1
1,1,1
1,1,1
0,1,1
1,1,1
0,1,1
1,1,1
0,1,1
0,1,1
0,1,1
0,1,1
1,1,1
0,1,1
0,1,1
0,1,1
0,1,1
0,1,1
1,1,1
0,1,1
0,1,1
0,1,1
1,1,1
0,1,0
0,1,0
0,1,0
0,1,0
0,1,0
0,1,0
0,1,0
1,1,0
1,1,0
1,1,1
1,1,0
1,1,0
1,1,0
1,1,0
0,1,0
0,1,0
1,1,0
0,1,0
0,1,0
0,1,0
0,1,0
0,1,0
0,1,0
0,1,0
1,1,0
1,1,0
0,1,0
1,1,0
0,1,0
0,1,0
0,1,0
1,1,0
1,1,0
1,1,0
1,1,0
1,1,0
0,1,0
1,1,0
1,1,0
1,1,0
0,1,0
0,1,0
0,1,0
1,1,0
1,1,0
0,1,0
0,1,1
0,1,0
0,1,1
0,1,0
0,1,0
1,1,0
0,1,1
0,1,1
0,1,1
0,1,1
1,1,0
0,1,0
0,1,0
0,1,0
0,1,0
0,1,0
0,1,0
0,1,1
0,1,1
0,1,0
0,1,0
0,1,0
0,1,0
0,1,0
0,1,0
0,1,0
0,1,0
0,1,0
1,1,0
0,1,0
0,1,0
0,1,0
0,1,0
1,1,0
1,1,0
1,1,0
0,1,0
1,1,0
1,1,0
0,1,0
0,1,0
0,1,0
1,1,0
0,1,0
0,1,0
0,1,0
1,1,0
0,1,0
1,1,0
0,1,0
0,1,0
0,1,0
0,1,0
1,1,0
0,1,0
0,1,0
0,1,0
0,1,0
0,1,0
0,1,0
1,1,0
0,1,0
0,1,0
1,1,0
1,1,0
0,1,0
0,1,0
0,1,0
0,1,0
0,1,0
0,1,0
0,1,0
1,1,0
1,1,0
1,1,0
1,1,0
1,1,0
1,1,0
0,1,0
1,1,0
1,1,0
0,1,0
0,1,0
0,1,0
0,1,0
0,1,1
0,1,0
0,1,0
0,1,0
0,1,0
0,1,0
0,1,0
0,1,0
0,1,0
0,1,0
0,1,0
0,1,0
0,1,0
0,1,0
0,1,0
0,1,0
0,1,0
0,1,0
0,1,1
0,1,1
0,1,0
0,1,0
0,1,0
0,1,0
0,1,0
0,1,0
0,1,0
0,1,0
0,1,0
0,1,0
0,1,0
0,1,0
0,1,0
0,1,0
0,1,0
0,1,0
0,1,0
1,1,0
0,1,0
0,1,0
0,1,0
0,1,0
0,1,0
0,1,1
0,1,0
0,1,0
0,1,1
0,1,0
0,1,0
0,1,0
0,1,0
0,1,0
0,1,0
1,1,0
0,1,0
0,1,0
0,1,0
1,1,0
0,1,0
0,1,0
0,1,0
0,1,0
0,1,0
0,1,0
0,1,0
0,1,0
0,1,0
0,1,0
0,1,0
0,1,0
0,1,0
0,1,0
0,1,0
0,1,0
0,1,0
0,1,0
0,1,1
0,1,0
0,1,0
0,1,0
0,1,0
0,1,0
0,1,0
0,1,0
0,1,0
0,1,0
0,1,0
0,1,0
0,1,0
0,1,0
0,1,0
0,1,0
0,1,0
0,1,0
0,1,0
0,1,0
0,1,1
0,1,1
0,1,0
0,1,0
0,1,0
0,1,0
0,1,0
0,1,0
0,1,0
1,1,0
0,1,0
0,1,0
0,1,0
0,1,0
0,1,0
0,1,0
0,1,0
1,1,0
0,1,0
0,1,0
0,1,0
0,1,0
0,1,0
1,1,1
0,1,0
0,1,0
0,1,0
0,1,0
0,1,0
0,1,0
0,1,1
1,1,0
0,1,0
1,1,1
1,1,1
1,1,1
1,1,1
1,1,1
1,1,1
0,1,0
0,1,0
0,1,1
0,1,0
1,1,1
0,1,0
0,1,0
0,1,0
0,1,0
0,1,0
0,1,0
0,1,0
0,1,0
0,1,1
0,1,0
1,1,1
1,1,1
0,1,0
0,1,0
0,1,0
0,1,1
0,1,1
0,1,0
0,1,0
0,1,0
0,1,0
0,1,0
0,1,0
0,1,0
0,1,0
0,1,0
0,1,0
0,1,0
0,1,0
0,1,0
1,1,1
1,1,1
1,1,1
0,0,1
1,1,1
0,0,1
0,0,1
0,0,1
1,1,1
0,1,1
1,1,1
1,1,1
1,1,1
1,1,1
1,1,1
0,1,0
1,1,1
0,1,0
0,1,0
0,1,0
0,0,1
0,1,0
0,0,0
0,0,1
0,1,0
0,1,1
0,1,1
1,1,1
1,1,1
1,1,1
0,1,1
1,1,1
1,1,1
0,1,1
0,1,1
1,1,1
1,1,1
0,1,1
0,1,1
0,1,1
1,1,1
1,1,1
1,1,1
1,1,1
1,1,1
1,1,1
1,1,1
1,1,1
0,1,1
1,1,1
1,1,1
1,1,1
1,1,1
1,1,1
0,1,0
1,1,1
1,1,1
1,1,1
1,1,1
1,1,1
1,1,1
1,1,1
0,1,1
0,1,0
0,1,0
0,1,0
0,1,0
0,1,0
0,1,0
0,1,0
0,1,0
0,1,0
0,1,0
0,1,0
0,1,0
0,1,1
0,1,1
1,1,1
1,1,1
1,1,1
1,1,1
0,1,0
0,0,1
0,1,0
0,1,0
0,0,1
0,0,1
0,1,0
0,1,0
1,1,1
0,0,0
0,1,0
0,1,1
0,1,0
1,1,1
1,1,1
0,1,0
0,1,0
0,1,0
0,1,1
0,1,0
0,1,0
0,1,0
0,1,1
0,1,0
0,1,0
0,1,0
0,0,0
0,1,0
0,0,0
0,0,0
0,0,0
0,0,0
0,1,0
0,1,0
0,1,0
0,1,0
0,1,1
0,1,0
0,1,0
0,1,0
0,1,0
0,1,0
0,0,0
1,1,1
0,0,0
0,1,0
1,1,1
0,1,0
0,1,0
0,1,0
0,1,0
0,1,0
0,1,0
0,1,0
0,1,0
0,1,0
0,1,0
0,1,0
0,1,0
0,1,0
0,1,0
0,1,0
0,1,0
0,1,0
0,1,0
0,1,0
0,1,0
0,1,0
0,1,0
0,1,0
0,1,0
0,1,0
0,1,0
0,1,0
0,1,0
0,1,0
0,1,0
0,1,0
0,1,0
0,1,0
0,1,0
0,1,0
0,1,0
0,1,0
0,1,0
0,1,0
0,1,0
0,1,0
0,1,0
0,1,0
0,1,0
0,1,0
0,1,0
0,1,0
0,1,0
0,1,0
0,1,0
0,1,0
0,1,0
0,1,0
0,1,0
0,1,0
0,1,0
0,1,0
0,1,0
0,1,0
0,1,0
0,1,0
0,1,0
0,0,0
0,1,1
0,1,0
0,1,0
0,1,0
0,1,0
0,1,0
0,1,0
0,1,0
0,1,0
0,0,0
0,1,0
0,1,0
0,1,0
0,1,0
0,1,0
0,0,0
0,0,0
0,0,0
0,1,0
0,1,0
0,1,0
0,1,0
0,1,0
0,1,0
0,0,0
0,0,0
0,0,0
0,1,0
0,0,0
0,0,0
0,0,0
0,0,0
0,1,0
0,1,0
0,1,0
0,1,0
0,1,0
0,1,0
0,1,0
0,1,0
0,0,0
0,0,0
0,0,0
0,1,0
0,1,0
0,0,0
0,0,0
0,1,1
0,1,0
1,1,0
0,1,1
0,0,0
0,1,1
0,1,1
0,1,1
0,0,0
0,1,0
0,1,0
0,1,0
1,1,0
0,1,0
1,1,1
1,1,1
1,1,1
1,1,1
1,1,1
1,1,1
1,1,1
0,1,0
1,1,0
0,1,0
0,1,0
1,1,0
1,1,0
0,1,0
0,1,0
0,1,0
0,1,0
0,1,0
0,1,0
0,1,0
0,1,0
0,1,0
0,1,0
0,1,0
0,1,0
0,1,0
1,1,1
1,1,1
0,1,1
0,1,0
0,1,0
0,1,0
1,1,0
0,1,1
0,1,0
0,1,0
0,1,0
0,1,0
0,1,0
0,1,0
0,1,0
0,1,1
0,1,0
0,1,0
0,1,0
0,1,1
0,1,0
0,1,0
0,1,0
0,1,0
0,1,0
1,1,0
1,1,0
1,1,1
0,1,1
0,1,1
0,1,1
0,1,1
0,1,0
0,1,0
0,1,0
0,1,0
0,1,0
0,1,0
0,1,0
0,1,0
0,1,0
0,1,0
0,1,0
0,1,0
0,1,0
0,1,0
0,1,0
0,1,0
0,1,0
0,1,0
0,1,0
0,1,0
0,1,0
0,1,0
0,1,0
0,1,0
0,1,0
0,1,1
0,1,1
0,1,1
0,1,1
1,1,1
0,1,0
0,1,0
1,1,0
1,1,0
0,1,0
1,1,0
1,1,0
1,1,0
1,1,0
1,1,0
1,1,0
1,1,0
1,1,0
1,1,0
1,1,0
1,1,0
0,1,1
0,1,1
1,1,0
0,1,0
0,1,0
0,1,1
0,1,0
0,1,0
0,1,0
0,1,0
0,1,1
0,1,1
0,1,0
0,1,0
0,1,0
0,1,0
0,1,1
0,1,1
0,1,0
0,1,0
0,1,1
0,1,1
0,1,1
0,1,0
0,1,1
0,1,0
0,1,0
0,1,0
0,1,0
0,1,0
0,1,0
0,1,1
0,1,1
0,1,0
0,1,0
0,1,0
0,1,0
0,1,0
0,1,0
0,1,0
1,1,1
1,1,1
0,1,0
0,1,0
0,1,0
0,1,0
0,1,0
0,1,0
0,1,0
0,1,0
0,1,0
0,1,0
0,1,0
0,1,0
0,1,0
0,1,0
0,1,0
0,1,0
0,1,0
0,1,0
0,1,0
0,1,0
0,1,0
0,1,0
0,1,0
0,1,1
0,1,0
0,1,0
0,1,0
0,1,0
0,1,0
0,1,0
0,1,0
1,1,0
0,1,0
0,1,0
0,1,0
0,1,0
0,1,0
0,1,0
0,1,0
0,1,0
0,1,0
0,1,0
0,1,0
0,1,0
0,1,0
0,1,0
0,1,0
0,1,0
0,1,0
0,1,0
0,1,0
0,1,0
0,1,0
0,1,0
0,1,0
0,1,0
0,1,0
0,1,0
0,1,0
0,1,1
0,1,0
0,1,0
0,1,0
0,1,0
1,1,1
0,1,0
1,1,0
0,1,0
0,1,0
0,1,0
0,1,1
0,1,0
0,1,0
0,1,0
0,1,0
0,1,0
0,1,0
0,1,0
0,1,0
0,1,0
0,1,0
0,1,0
0,1,0
1,1,0
0,1,0
0,1,0
0,1,0
0,1,0
0,1,0
0,1,0
0,1,0
0,1,0
0,1,0
0,1,0
0,1,0
0,1,0
0,1,0
0,1,0
0,1,0
0,1,0
0,1,0
0,1,0
0,1,0
0,1,0
0,1,0
0,1,0
0,1,0
0,1,0
0,1,0
0,1,0
0,1,0
0,1,0
0,1,0
0,1,0
0,1,0
0,1,0
0,1,0
0,1,0
0,1,0
0,1,0
0,1,0
0,1,0
0,1,0
0,1,0
0,1,1
0,1,0
0,1,0
0,1,0
0,1,0
0,1,0
1,1,1
0,1,0
1,1,0
0,1,0
0,1,1
0,1,0
0,1,0
0,1,0
0,1,0
0,1,1
0,1,0
0,1,0
0,1,0
0,1,0
0,1,0
0,1,0
0,1,0
0,1,0
0,1,0
0,1,0
0,1,0
0,1,0
0,1,0
0,1,0
0,1,0
0,1,0
0,1,0
0,1,0
0,1,0
0,1,0
0,1,1
0,1,1
0,1,0
0,1,0
0,1,0
0,1,0
0,1,0
0,1,1
0,1,0
0,1,0
0,1,0
0,1,0
0,1,0
0,1,0
0,1,0
0,1,0
0,1,1
0,1,1
0,1,1
0,1,1
0,1,1
0,1,1
0,1,1
0,1,1
0,1,0
0,1,0
0,1,0
0,1,0
0,1,0
0,1,1
0,1,0
0,1,0
0,1,0
0,1,1
0,1,0
0,1,0
0,1,0
0,1,0
0,1,0
0,1,0
0,1,0
0,1,0
0,1,0
1,1,0
0,1,0
0,1,0
0,1,0
0,1,0
0,1,0
0,1,0
0,1,0
0,1,0
1,1,0
0,1,0
0,1,1
0,1,1
0,1,0
0,1,0
0,1,0
0,1,0
0,1,1
0,1,0
0,1,0
0,1,0
0,1,0
0,1,0
1,1,0
0,1,0
0,1,0
0,1,0
0,1,0
0,1,0
0,1,0
0,1,0
0,1,0
0,1,0
0,1,0
0,1,0
0,1,0
1,1,0
0,1,0
1,1,0
0,1,0
0,1,0
0,1,0
0,1,0
0,1,0
0,1,0
0,1,0
0,1,0
0,1,0
0,1,0
0,1,0
0,1,0
0,1,0
0,1,0
0,1,0
0,1,0
0,1,0
0,1,0
0,1,0
0,1,0
0,1,0
0,1,0
0,1,0
0,1,0
0,1,0
0,1,0
0,1,0
0,1,0
1,1,1
0,1,1
1,1,0
1,1,1
0,1,0
0,1,0
0,1,0
0,1,0
0,1,0
0,1,0
0,1,0
0,1,0
0,1,1
0,1,0
0,1,0
0,1,1
0,1,0
0,1,1
0,1,0
0,1,0
0,1,0
0,1,0
0,1,0
0,1,0
0,1,0
0,1,0
0,1,0
0,1,0
0,1,0
0,1,0
0,1,0
0,1,0
0,1,0
0,1,0
0,1,1
0,1,1
0,1,0
0,1,0
0,1,0
0,1,0
0,1,1
1,1,0
1,1,0
0,1,0
0,1,0
0,1,1
0,1,0
0,1,1
1,1,1
0,1,1
0,1,0
0,1,0
0,1,0
0,1,0
0,1,1
0,1,0
0,1,0
0,1,0
0,1,0
0,1,0
0,1,0
0,1,0
0,1,0
0,1,0
0,1,0
0,1,1
0,1,0
0,1,0
0,1,0
0,1,0
0,1,0
0,1,0
0,1,0
0,1,0
0,1,0
0,1,0
0,1,0
0,1,0
0,1,0
0,1,0
0,1,1
0,1,0
0,1,0
0,1,0
0,1,0
0,1,0
0,1,0
0,1,0
0,1,0
1,1,0
1,1,0
1,1,0
0,1,0
0,1,0
0,1,0
0,1,0
0,1,0
0,1,0
0,1,0
0,1,0
0,1,0
0,1,0
0,1,0
0,1,0
0,1,0
0,1,0
0,1,0
0,1,0
0,1,0
0,1,0
0,1,0
0,1,0
0,1,0
0,1,0
0,1,0
0,1,0
0,1,0
0,1,1
0,1,0
0,1,0
0,1,0
0,1,0
0,1,1
0,1,0
0,1,0
0,1,0
0,1,0
0,1,0
0,1,0
0,1,0
0,1,0
0,1,0
0,1,0
0,1,0
0,1,0
0,1,0
1,1,0
0,1,0
0,1,1
0,1,0
0,1,0
0,1,0
0,1,0
0,1,0
0,1,0
0,1,0
0,1,0
0,1,0
0,1,0
0,1,0
0,1,0
0,1,0
0,1,0
0,1,0
0,1,0
0,1,0
0,1,0
0,1,0
0,1,0
0,1,0
0,1,0
0,1,0
0,1,0
0,1,0
0,1,0
0,1,0
0,1,0
0,1,0
0,1,0
0,1,0
0,1,0
0,1,0
0,1,0
0,1,0
0,1,0
0,1,0
0,1,0
0,1,0
0,1,0
0,1,0
0,1,0
0,1,0
0,1,0
0,1,0
0,1,0
0,1,0
0,1,0
0,1,0
0,1,1
0,1,0
0,1,0
0,1,0
0,1,0
0,1,0
0,1,0
0,1,0
0,1,0
0,1,0
0,1,0
0,1,0
0,1,0
0,1,0
0,1,0
0,1,0
0,1,0
0,1,0
0,1,0
0,1,0
0,1,0
0,1,0
0,1,0
0,1,0
0,1,0
0,1,0
0,1,0
1,1,0
0,1,0
0,1,1
0,1,1
0,1,1
1,1,1
0,1,1
0,1,1
0,1,0
0,1,0
0,1,1
0,1,0
0,1,0
0,1,0
0,1,1
0,1,1
1,1,1
0,1,0
0,1,0
1,1,0
0,1,0
0,1,0
0,1,0
0,1,1
0,1,1
0,1,0
0,1,0
0,1,0
0,1,0
0,1,0
0,1,0
0,1,0
0,1,0
0,1,0
0,1,0
0,1,0
0,1,1
0,1,0
0,1,1
0,1,0
0,1,0
0,1,0
0,1,0
0,1,0
0,1,0
0,1,0
0,1,0
0,1,0
0,1,0
0,1,0
0,1,0
0,1,0
0,1,0
0,1,0
0,1,0
0,1,0
0,1,1
0,1,1
0,1,1
0,1,1
0,1,1
0,1,1
0,1,1
0,1,1
0,1,1
0,1,1
1,1,1
0,1,0
0,1,1
0,1,1
0,1,0
0,1,0
0,1,0
0,1,0
0,1,0
0,1,0
0,1,0
0,1,0
0,1,0
0,1,0
0,1,0
0,1,0
0,1,0
0,1,0
0,1,0
0,1,0
0,1,0
0,1,0
0,1,0
0,1,0
0,1,0
0,1,0
0,1,0
0,1,0
0,1,0
0,1,0
0,1,0
0,1,1
0,1,0
0,1,0
0,1,0
0,1,1
0,1,0
1,1,0
0,1,0
0,1,0
0,1,0
0,1,0
0,1,1
0,1,1
0,1,1
0,1,0
0,1,0
0,1,0
0,1,0
0,1,0
0,1,0
0,1,1
0,1,0
0,1,0
0,1,0
0,1,0
0,1,0
0,1,0
0,1,0
0,1,0
0,1,0
0,1,0
0,1,1
0,1,0
0,1,0
0,1,0
0,1,0
0,1,0
0,1,0
0,1,0
0,1,0
0,1,0
0,1,0
0,1,0
0,1,0
0,1,0
0,1,0
0,1,0
0,1,0
0,1,0
0,1,0
0,1,0
0,1,0
0,1,0
0,1,0
0,1,0
0,1,0
0,1,0
0,1,0
0,1,0
0,1,0
0,1,0
0,1,0
0,1,0
0,1,0
0,1,0
0,1,0
0,1,0
0,1,0
0,1,1
0,1,1
0,1,0
0,1,0
0,1,0
0,1,0
0,1,0
0,1,1
0,1,0
0,1,0
0,1,1
0,1,0
0,1,0
0,1,0
0,1,0
0,1,0
0,1,0
0,1,0
0,1,0
0,1,0
0,1,0
0,1,0
0,1,0
0,1,0
0,1,0
0,1,0
0,1,0
0,1,0
0,1,0
0,1,0
0,1,0
0,1,0
0,1,0
0,1,0
0,1,0
0,1,0
0,1,0
0,1,0
0,1,0
1,1,0
0,1,0
1,1,0
0,1,0
0,1,0
0,1,0
0,1,0
0,1,0
0,1,0
0,1,0
0,1,0
0,1,0
0,1,0
0,1,0
0,1,0
0,1,0
0,1,0
0,1,0
0,1,0
0,1,0
0,1,0
0,1,0
0,1,0
0,1,1
0,1,1
0,1,0
0,1,0
0,1,0
0,1,0
0,1,0
0,1,0
0,1,0
0,1,0
0,1,0
0,1,0
0,1,0
0,1,0
0,1,0
0,1,0
0,1,0
0,1,0
0,1,0
0,1,0
0,1,0
0,1,0
0,1,0
0,1,0
0,1,0
0,1,0
0,1,0
0,1,0
0,1,0
0,1,0
0,1,0
0,1,0
0,1,0
0,1,0
0,1,0
0,1,0
0,1,0
0,1,0
0,1,0
0,1,0
0,1,0
0,1,0
0,1,1
0,1,0
0,1,0
0,1,1
0,1,1
0,1,1
0,1,1
0,1,1
0,1,0
0,1,0
0,1,0
0,1,0
0,1,0
0,1,0
0,1,0
0,1,0
0,1,0
0,1,0
0,1,0
0,1,0
0,1,0
0,1,0
0,1,0
0,1,1
0,1,0
0,1,0
0,1,1
0,1,0
1,1,1
0,1,0
0,1,1
0,1,0
0,1,1
0,1,1
0,1,1
0,1,0
0,1,0
0,1,0
0,1,0
0,1,0
0,1,0
0,1,0
0,1,0
0,1,0
0,1,0
0,1,0
0,1,0
0,1,0
0,1,1
0,1,0
0,1,1
0,1,1
0,1,0
0,1,0
0,1,0
0,1,0
0,1,0
0,1,0
0,1,0
0,1,0
0,1,0
0,1,1
0,1,0
0,1,1
0,1,0
0,1,0
1,1,1
0,1,0
0,1,0
0,1,0
0,1,0
0,1,0
0,1,0
0,1,0
0,1,0
0,1,0
0,1,0
0,1,0
0,1,0
0,1,0
0,1,0
0,1,0
0,1,0
0,1,0
1,1,0
0,1,0
0,1,1
0,1,1
0,1,1
0,1,0
0,1,1
0,1,0
0,1,0
0,1,0
0,1,0
0,1,0
0,1,0
0,1,0
0,1,0
0,1,0
0,1,0
0,1,0
0,1,0
0,1,0
0,1,1
0,1,1
0,1,0
0,1,0
0,1,0
0,1,0
0,1,0
0,1,0
0,1,0
0,1,0
0,1,0
0,1,1
0,1,0
0,1,0
0,1,0
0,1,0
0,1,0
0,1,0
0,1,0
0,1,0
0,1,0
0,1,0
0,1,0
0,1,0
0,1,0
0,1,0
0,1,0
0,1,0
0,1,0
0,1,0
0,1,0
0,1,0
0,1,0
0,1,0
0,1,0
0,1,0
0,1,0
0,1,0
0,1,0
0,1,0
0,1,0
0,1,0
0,1,0
0,1,0
0,1,0
0,1,0
0,1,0
0,1,0
0,1,0
0,1,0
0,1,0
0,1,0
0,1,0
0,1,0
0,1,0
0,1,0
0,1,0
0,1,0
0,1,0
0,1,0
0,1,0
0,1,0
0,1,0
0,1,0
0,1,0
0,1,0
0,1,1
0,1,0
0,1,0
0,1,0
0,1,0
0,1,0
0,1,0
0,1,0
0,1,0
0,1,0
0,1,0
0,1,0
0,1,0
0,1,0
0,1,0
0,1,0
0,1,0
0,1,0
0,1,0
0,1,0
0,1,0
0,1,0
0,1,0
0,1,0
0,1,0
0,1,0
0,1,0
0,1,0
0,1,0
0,1,0
0,1,0
1,1,0
1,1,0
1,1,0
1,1,0
0,1,0
0,1,0
0,1,0
0,1,0
0,1,0
0,1,0
0,1,0
0,1,0
0,1,0
0,1,0
0,1,0
0,1,0
0,1,0
0,1,0
0,1,0
0,1,0
0,1,0
0,1,0
0,1,0
0,1,0
0,1,0
0,1,0
0,1,0
0,1,0
0,1,0
0,1,0
0,1,0
0,1,0
0,1,0
0,1,0
0,1,0
0,1,0
0,1,0
0,1,0
0,1,0
0,1,0
0,1,0
0,1,0
0,1,0
0,1,0
0,1,0
1,1,0
0,1,0
0,1,0
0,1,0
0,1,0
0,1,0
0,1,0
0,1,0
0,1,0
0,1,0
0,1,0
0,1,0
0,1,0
0,1,0
0,1,0
0,1,0
0,1,0
0,1,0
0,1,0
0,1,0
0,1,0
0,1,0
0,1,0
0,1,0
0,1,0
0,1,0
0,1,0
0,1,0
0,1,0
0,1,0
0,1,0
0,1,0
0,1,0
0,1,0
0,1,0
0,1,0
0,1,0
0,1,0
0,1,0
0,1,0
0,1,0
0,1,0
0,1,0
0,1,0
1,1,0
0,1,0
0,1,0
0,1,0
0,1,0
0,1,0
1,1,0
0,1,0
0,1,0
1,1,0
0,1,0
0,1,0
0,1,0
1,1,0
1,1,0
1,1,0
1,1,0
1,1,0
0,1,0
1,1,0
1,1,0
1,1,0
1,1,0
1,1,0
0,1,0
0,1,0
0,1,0
0,1,0
0,1,0
0,1,0
0,1,0
0,1,0
0,1,0
0,1,0
0,1,0
1,1,0
0,1,0
0,1,0
0,1,0
0,1,0
0,1,0
0,1,0
0,1,0
0,1,0
0,1,0
1,1,0
0,1,0
0,1,0
0,1,0
0,1,0
0,1,0
0,1,0
0,1,0
0,1,0
1,1,0
1,1,0
0,1,0
0,1,0
0,1,0
0,1,0
0,1,0
0,1,0
0,1,0
0,1,0
0,1,0
0,1,0
0,1,0
0,1,0
0,1,0
0,1,0
0,1,0
0,1,0
0,1,0
0,1,0
0,1,0
0,1,0
0,1,0
0,1,0
0,1,0
0,1,0
0,1,0
0,1,0
0,1,0
0,1,0
0,1,0
0,1,0
0,1,0
0,1,0
0,1,0
0,1,0
1,1,0
0,1,1
0,1,0
0,1,0
0,1,0
0,1,0
0,1,0
0,1,0
0,1,0
0,1,0
0,1,0
0,1,0
0,1,0
0,1,0
0,1,0
0,1,0
0,1,0
0,1,0
0,1,0
0,1,0
0,1,0
0,1,0
0,1,0
0,1,0
0,1,0
0,1,0
0,1,0
0,1,0
0,1,1
0,1,0
0,1,0
0,1,0
0,1,0
0,1,0
0,1,0
0,1,0
0,1,0
1,1,0
0,1,0
0,1,0
0,1,0
0,1,0
0,1,0
0,1,0
0,1,0
0,1,0
0,1,0
0,1,0
0,1,0
0,1,0
0,1,0
0,1,0
0,1,0
0,1,0
0,1,0
0,1,1
0,1,0
0,1,0
0,1,0
0,1,0
0,1,0
0,1,0
0,1,0
0,1,0
0,1,0
0,1,0
0,1,0
0,1,0
0,1,0
0,1,0
0,1,1
0,1,0
0,1,0
0,1,0
0,1,0
0,1,0
0,1,0
0,1,0
0,1,0
0,1,0
0,1,0
0,1,0
0,1,0
0,1,0
0,1,0
0,1,1
0,1,0
0,1,0
0,1,0
0,1,0
0,1,0
0,1,0
0,1,0
0,1,0
0,1,1
0,1,0
0,1,0
0,1,0
0,1,0
0,1,0
0,1,0
0,1,0
0,1,0
0,1,0
0,1,0
0,1,0
0,1,0
0,1,0
0,1,0
0,1,0
0,1,0
0,1,0
0,1,0
0,1,0
0,1,0
0,1,0
0,1,0
0,1,1
0,1,1
0,1,1
0,1,1
0,1,1
0,1,1
0,1,0
0,1,0
0,1,1
0,1,0
0,1,0
0,1,1
0,1,1
0,1,1
0,1,1
0,1,0
0,1,0
0,1,0
0,1,0
0,1,1
0,1,1
0,1,1
0,1,1
0,1,0
0,1,0
0,1,0
0,1,1
0,1,1
0,1,1
0,1,0
0,1,0
0,1,0
0,1,1
0,1,0
0,1,1
0,1,1
0,1,0
0,1,0
0,1,1
0,1,0
0,1,1
0,1,1
0,1,0
0,1,0
0,1,0
1,1,0
0,1,0
0,1,0
0,1,0
0,1,0
0,1,0
0,1,0
0,1,0
1,1,0
0,1,0
0,1,0
0,1,1
0,1,0
0,1,0
0,1,0
0,1,0
0,1,0
0,1,0
0,1,0
0,1,0
0,1,0
0,1,0
0,1,0
0,1,0
0,1,0
0,1,0
0,1,0
0,1,0
0,1,0
0,1,0
0,1,0
1,1,0
1,1,0
1,1,0
1,1,0
1,1,0
1,1,0
0,1,0
0,1,1
0,1,0
0,1,0
0,1,0
0,1,0
0,1,0
0,1,0
0,1,0
0,1,0
0,1,0
0,1,0
0,1,0
1,1,0
0,1,0
0,1,1
0,1,0
0,1,0
0,1,0
0,1,0
0,1,0
0,1,0
0,1,0
0,1,0
0,1,0
0,1,0
0,1,0
0,1,0
0,1,0
0,1,0
0,1,1
0,1,0
0,1,0
0,1,0
0,1,0
1,1,0
0,1,0
0,1,0
1,1,0
0,1,1
0,1,1
1,1,0
0,1,1
0,1,0
0,1,1
1,1,0
1,1,0
1,1,0
1,1,0
1,1,0
1,1,0
1,1,0
1,1,0
1,1,0
1,1,0
1,1,1
0,1,0
0,1,0
0,1,0
0,1,0
1,1,0
0,1,1
1,1,1
1,1,1
0,1,1
0,1,0
0,1,0
0,1,0
0,1,0
0,1,0
0,1,0
0,1,0
0,1,0
0,1,0
0,1,0
0,1,0
1,1,0
0,1,1
0,1,0
0,1,0
0,1,0
0,1,0
0,1,0
0,1,0
0,1,0
0,1,1
0,1,0
0,1,0
0,1,1
0,1,0
0,1,0
0,1,0
0,1,0
0,1,0
0,1,0
0,1,0
0,1,0
0,1,0
0,1,0
0,1,0
0,1,0
0,1,0
0,1,0
0,1,0
0,1,0
0,1,0
0,1,0
0,1,0
0,1,0
0,1,1
0,1,1
0,1,0
0,1,0
0,1,0
0,1,0
0,1,0
0,1,0
0,1,0
0,1,0
0,1,0
0,1,0
0,1,0
0,1,0
0,1,0
0,1,0
0,1,1
0,1,0
0,1,0
0,1,0
1,1,0
0,1,0
1,1,0
1,1,0
1,1,0
0,1,0
0,1,0
1,1,0
1,1,0
1,1,0
1,1,0
1,1,0
1,1,0
0,1,0
0,1,0
0,1,0
1,1,0
1,1,0
0,1,0
0,1,0
0,1,1
0,1,1
0,1,1
0,1,1
1,1,0
1,1,1
1,1,1
0,1,1
1,1,1
1,1,0
0,1,0
0,1,0
0,1,1
0,1,0
0,1,0
0,1,0
0,1,0
0,1,0
1,1,1
0,1,1
0,1,0
0,1,0
0,1,0
0,1,0
0,1,0
0,1,0
0,1,0
0,1,0
0,1,0
0,1,0
1,1,1
0,1,0
0,1,0
0,1,1
0,1,1
0,1,1
0,1,0
1,1,0
1,1,1
0,1,0
0,1,1
0,1,0
0,1,1
0,1,0
0,1,0
0,1,0
0,0,0
0,0,0
0,0,0
0,0,0
0,0,0
0,1,0
0,0,0
0,1,0
0,1,1
0,1,1
0,1,0
0,1,0
1,1,0
1,1,0
0,1,0
0,1,0
0,1,0
0,1,1
0,1,0
0,1,0
0,1,0
0,1,0
0,1,0
0,1,0
0,1,0
0,1,0
0,1,0
0,1,0
0,1,0
0,1,0
0,1,0
0,1,0
0,1,0
0,1,0
0,1,0
0,1,0
0,1,1
0,1,0
0,1,1
0,1,0
0,0,1
0,1,0
0,1,0
0,1,0
0,1,0
0,1,0
0,0,0
0,1,0
0,1,0
0,1,0
0,1,0
0,1,0
0,0,0
0,0,0
1,1,0
0,1,0
0,1,1
0,1,1
0,1,1
1,1,1
0,1,1
0,1,1
0,1,1
0,1,1
0,1,1
0,1,1
0,1,0
0,1,0
0,1,1
0,1,1
0,1,1
0,1,1
0,0,1
0,1,1
0,1,0
0,1,0
0,1,0
0,1,0
0,1,0
0,1,0
0,1,1
0,1,1
0,0,0
0,0,1
0,0,0
1,1,1
1,1,1
0,1,1
1,1,1
1,1,1
0,1,1
0,1,1
0,1,1
0,1,1
0,1,0
0,1,0
0,1,0
0,1,0
0,1,0
0,0,0
0,0,0
0,1,0
0,1,0
0,1,0
0,1,0
0,1,1
0,1,1
0,1,1
0,1,1
0,1,0
0,1,0
0,1,0
0,1,0
0,1,1
0,1,1
0,1,1
0,1,0
0,1,1
0,1,0
0,1,0
1,1,0
1,1,0
1,1,0
0,1,1
0,1,1
0,1,1
0,1,1
0,1,1
0,1,1
0,1,1
0,1,1
0,1,1
1,1,0
0,1,0
1,1,0
1,1,0
0,1,1
1,1,0
0,1,1
0,1,0
1,1,1
1,1,1
1,1,1
1,1,1
0,1,0
1,1,1
1,1,0
0,1,0
0,1,0
1,1,0
0,1,1
0,1,1
0,1,1
1,1,0
1,1,0
1,1,0
1,1,0
0,1,1
1,1,0
1,1,0
1,1,0
1,1,0
1,1,0
1,1,0
1,1,0
1,1,0
1,1,0
1,1,0
1,1,0
1,1,0
1,1,0
1,1,0
1,1,0
1,1,0
1,1,0
1,1,0
1,1,0
1,1,0
1,1,0
1,1,0
1,1,0
1,1,0
1,1,0
1,1,0
1,1,0
1,1,0
1,1,0
1,1,0
1,1,0
1,1,0
1,1,0
1,1,0
0,1,1
0,1,0
1,1,0
1,1,0
1,1,0
1,1,0
0,1,0
1,1,1
1,1,0
1,1,0
0,1,0
0,1,0
0,1,0
1,1,0
1,1,0
0,1,0
0,1,0
1,1,0
0,1,0
1,1,0
1,1,0
1,1,0
1,1,0
1,1,0
1,1,0
1,1,0
1,1,0
1,1,0
1,1,0
1,1,0
1,1,0
1,1,0
1,1,0
1,1,0
1,1,0
1,1,0
1,1,0
1,1,0
1,1,0
1,1,0
1,1,0
1,1,0
1,1,0
1,1,0
1,1,0
1,1,0
0,1,1
0,1,1
0,1,1
0,1,0
1,1,0
1,1,0
1,1,1
0,1,1
0,1,0
0,1,1
0,1,1
0,1,1
0,1,1
1,1,0
0,1,0
0,1,0
0,1,0
1,1,0
0,1,1
1,1,0
0,1,1
0,1,0
1,1,1
1,1,1
1,1,1
1,1,1
1,1,1
1,1,1
1,1,1
0,1,1
1,1,0
1,1,0
1,1,0
1,1,0
0,1,0
0,1,0
0,1,0
0,1,0
1,1,0
1,1,0
1,1,0
1,1,0
1,1,0
1,1,0
1,1,0
1,1,0
1,1,0
1,1,0
1,1,0
1,1,0
1,1,0
1,1,0
1,1,0
1,1,0
1,1,0
1,1,0
1,1,0
1,1,1
0,1,1
1,1,0
1,1,1
1,1,0
1,1,0
1,1,0
0,1,0
1,1,0
1,1,0
1,1,0
0,1,0
0,1,0
0,1,0
1,1,0
1,1,0
1,1,0
1,1,0
1,1,0
1,1,0
1,1,0
1,1,0
1,1,0
1,1,0
1,1,0
1,1,0
1,1,0
1,1,0
1,1,0
1,1,0
1,1,0
1,1,0
1,1,0
1,1,0
1,1,0
1,1,0
1,1,0
1,1,0
1,1,0
1,1,0
1,1,0
1,1,0
1,1,0
1,1,0
1,1,0
1,1,0
1,1,0
1,1,0
1,1,0
1,1,0
1,1,0
1,1,0
1,1,0
1,1,0
1,1,0
1,1,0
1,1,0
1,1,0
1,1,0
1,1,0
1,1,0
1,1,0
1,1,0
1,1,0
1,1,0
1,1,0
1,1,0
1,1,0
1,1,0
1,1,0
1,1,0
1,1,0
1,1,0
1,1,0
1,1,0
1,1,0
1,1,0
0,1,0
0,1,0
0,1,0
0,1,0
0,1,0
0,1,0
0,1,0
0,1,1
0,1,1
1,1,0
1,1,0
0,1,0
0,1,0
0,1,0
1,1,1
0,1,1
0,1,0
0,1,0
0,1,1
1,1,0
0,1,0
0,1,0
0,1,1
0,1,0
0,1,0
0,1,0
0,1,0
0,1,1
0,1,0
0,1,0
0,1,0
0,1,1
1,1,0
0,1,1
0,1,0
1,1,0
0,1,0
1,1,0
1,1,0
1,1,0
1,1,0
1,1,0
1,1,0
0,1,0
1,1,0
1,1,0
1,1,0
1,1,0
1,1,0
0,1,0
0,1,0
0,1,1
0,1,0
1,1,0
1,1,1
1,1,1
1,1,1
0,1,0
0,1,1
0,1,1
0,1,1
0,1,1
0,1,1
1,1,1
0,1,1
0,1,1
0,1,1
0,1,1
0,1,1
0,1,1
0,1,0
1,1,1
0,1,1
0,1,1
0,1,1
0,1,1
0,1,0
0,1,0
0,1,1
0,1,1
0,1,1
0,1,1
0,1,0
0,1,0
0,1,0
0,1,0
0,1,0
0,1,1
0,1,0
0,1,1
0,1,0
0,1,0
0,1,0
0,1,0
0,1,0
0,1,0
0,1,0
0,1,0
0,1,0
1,1,0
1,1,0
0,1,0
1,1,0
1,1,0
1,1,0
1,1,0
0,1,0
0,1,0
0,1,0
0,1,1
0,1,1
0,1,0
0,1,0
0,1,0
0,1,1
0,1,0
0,1,0
1,1,1
1,1,1
1,1,1
1,1,1
1,1,1
1,1,1
1,1,1
1,1,0
1,1,0
1,1,0
1,1,0
1,1,0
1,1,0
1,1,0
1,1,0
1,1,0
1,1,0
1,1,0
1,1,0
1,1,0
1,1,0
1,1,0
1,1,0
1,1,0
1,1,0
1,1,0
1,1,0
1,1,1
1,1,1
1,1,1
1,1,1
1,1,1
1,1,1
1,1,1
1,1,1
1,1,1
1,1,1
1,1,1
1,1,1
1,1,1
1,1,1
0,1,0
0,1,1
1,1,1
1,1,1
0,1,0
1,1,0
1,1,0
0,1,1
0,1,0
0,1,0
0,1,0
0,1,0
0,1,0
0,1,0
0,1,0
0,1,0
0,1,0
0,1,0
0,1,0
0,1,0
0,1,0
0,1,0
0,1,1
0,1,0
0,1,1
0,1,1
0,1,1
0,1,0
1,1,1
1,1,1
1,1,1
1,1,1
0,1,1
0,1,1
0,1,1
1,1,0
1,1,0
1,1,0
0,1,0
0,1,0
0,1,0
1,1,0
0,1,0
0,1,0
0,1,0
0,1,1
1,1,0
1,1,0
1,1,0
1,1,1
1,1,0
1,1,0
1,1,1
1,1,0
1,1,0
1,1,0
1,1,0
1,1,0
1,1,0
1,1,1
1,1,0
1,1,1
1,1,0
1,1,1
1,1,1
1,1,1
1,1,0
1,1,1
1,1,1
1,1,1
1,1,1
1,1,1
1,1,1
1,1,1
1,1,1
1,1,0
1,1,1
1,1,1
1,1,1
1,1,1
1,1,0
1,1,0
1,1,0
1,1,0
1,1,0
1,1,1
1,1,1
1,1,1
1,1,1
1,1,0
1,1,0
1,1,0
1,1,1
1,1,1
1,1,1
1,1,1
1,1,1
1,1,1
1,1,0
0,1,1
0,0,1
0,1,0
0,1,0
0,1,1
1,1,1
1,1,1
1,1,1
0,0,1
1,1,1
1,1,1
1,1,1
1,1,0
0,0,0
0,0,1
1,1,1
0,1,0
1,1,1
0,1,0
1,1,1
1,1,1
1,1,1
1,1,1
1,1,1
1,1,1
0,1,0
0,1,0
0,1,0
0,1,0
0,1,0
0,1,0
0,1,0
0,1,0
0,1,0
0,1,0
0,1,0
0,1,0
0,1,0
0,1,0
0,1,0
0,1,0
0,1,0
0,1,0
1,1,1
1,1,1
1,1,1
1,1,1
1,1,1
1,1,1
1,1,1
1,1,1
0,1,1
0,1,1
0,1,1
0,1,0
1,1,1
0,1,0
1,1,0
1,1,0
1,1,0
1,1,0
1,1,0
0,1,0
0,1,1
0,1,0
0,1,0
0,1,0
1,1,0
1,1,0
0,1,0
0,1,0
0,1,0
0,1,0
1,1,0
0,1,0
0,1,1
0,1,1
1,1,1
1,1,1
1,1,1
0,1,0
0,0,0
0,0,0
0,1,0
0,1,0
1,1,0
0,1,0
0,1,0
0,1,0
0,1,0
0,1,0
0,1,0
0,1,0
0,1,0
0,1,0
0,1,0
0,1,0
0,1,0
0,1,0
0,1,0
0,1,0
0,1,0
0,1,0
0,1,0
1,1,1
1,1,1
0,0,0
0,1,0
0,1,0
1,1,0
0,1,0
0,1,0
0,1,0
0,1,0
1,1,1
0,1,0
0,1,0
0,1,0
0,1,0
0,1,0
0,1,0
0,1,0
0,1,0
0,1,0
0,1,0
0,1,0
1,1,0
1,1,1
0,1,1
0,1,1
0,1,0
0,1,1
1,1,1
0,1,0
0,1,1
0,1,1
0,1,1
0,1,1
0,1,1
1,1,1
0,1,1
0,1,0
0,1,0
1,1,1
0,0,1
0,1,1
0,1,1
0,1,1
0,1,1
0,1,1
0,1,1
0,1,1
0,1,1
1,1,1
1,1,1
0,1,1
0,1,1
0,1,1
0,1,1
0,1,1
0,1,0
0,1,1
0,1,1
0,1,1
0,1,1
0,0,0
1,1,1
1,1,1
1,1,1
1,1,1
0,1,1
0,0,1
0,0,0
0,1,1
0,1,1
1,1,1
1,1,1
1,1,1
1,1,1
1,1,1
1,1,1
1,1,1
1,1,1
1,1,1
1,1,1
1,1,1
1,1,1
1,1,1
1,1,1
1,1,1
0,0,1
1,1,1
1,1,1
1,1,1
1,1,1
1,1,1
1,1,1
0,1,1
0,1,1
0,1,1
0,0,1
1,1,1
1,1,1
1,1,1
1,1,1
1,1,1
1,1,1
1,1,1
1,1,1
0,1,1
1,1,1
1,1,1
1,1,1
1,1,1
1,1,1
1,1,1
0,1,1
0,1,1
0,1,1
1,1,0
1,1,1
1,1,1
1,1,1
1,1,1
1,1,1
1,1,1
1,1,1
1,1,1
1,1,1
1,1,1
1,1,1
1,1,1
1,1,1
1,1,1
1,1,1
1,1,1
1,1,1
1,1,1
1,1,1
1,1,1
1,1,1
1,1,1
1,1,1
1,1,1
1,1,1
1,1,1
1,1,1
1,1,1
1,1,1
1,1,1
1,1,1
1,1,1
1,1,1
1,1,1
1,1,1
1,1,1
1,1,1
1,1,1
1,1,1
1,1,1
1,1,1
1,1,1
0,1,0
1,1,1
0,1,1
1,1,1
1,1,1
1,1,1
1,1,1
1,1,1
1,1,1
1,1,1
1,1,1
1,1,1
0,1,1
0,1,1
0,1,1
0,1,1
1,1,1
1,1,1
1,1,1
1,1,1
1,1,1
1,1,1
0,0,0
0,0,1
1,1,1
0,0,1
0,1,1
0,1,1
0,1,1
0,1,1
0,1,1
0,1,1
0,1,1
0,1,1
0,1,1
1,1,1
1,1,1
1,1,1
0,1,1
0,1,1
0,1,1
0,1,1
0,1,1
0,1,1
0,1,1
0,1,1
0,1,1
0,1,1
1,1,1
0,1,1
0,1,1
0,1,1
0,1,1
0,1,1
0,1,1
0,1,1
0,1,1
0,1,1
0,1,1
0,1,1
0,1,1
1,1,1
1,1,1
1,1,1
1,1,1
1,1,1
0,1,1
0,1,1
0,1,1
0,1,1
0,1,1
0,1,1
0,1,1
1,1,1
0,1,1
0,1,1
0,1,1
0,1,1
0,1,1
0,1,1
0,1,1
0,1,1
0,1,1
1,1,1
1,1,1
1,1,1
1,1,1
1,1,1
1,1,1
1,1,1
1,1,1
1,1,1
1,1,1
1,1,1
1,1,1
1,1,1
1,1,1
1,1,1
1,1,1
1,1,1
1,1,1
1,1,1
1,1,1
1,1,1
1,1,1
0,1,1
0,1,1
0,1,1
0,1,1
0,1,1
0,1,1
0,1,1
0,1,1
0,1,1
1,1,1
0,1,1
0,1,1
0,1,1
0,1,1
0,1,1
0,1,1
0,1,1
0,1,1
1,1,1
1,1,1
1,1,1
1,1,1
1,1,1
1,1,1
1,1,1
0,1,1
0,1,1
1,1,1
0,1,1
1,1,1
1,1,1
1,1,1
1,1,1
1,1,1
1,1,1
1,1,1
1,1,1
1,1,1
1,1,1
1,1,1
1,1,1
1,1,1
0,1,1
1,1,1
1,1,1
1,1,1
1,1,1
1,1,1
1,1,1
1,1,1
1,1,1
1,1,1
1,1,1
1,1,1
0,1,1
0,1,1
0,1,1
0,1,1
1,1,1
1,1,1
1,1,1
1,1,1
1,1,1
1,1,1
1,1,1
1,1,1
1,1,1
0,1,1
0,1,1
0,1,1
1,1,1
1,1,1
1,1,1
1,1,1
1,1,1
1,1,1
1,1,1
1,1,1
1,1,1
1,1,1
0,1,1
1,1,1
1,1,1
1,1,1
1,1,1
1,1,1
1,1,1
1,1,1
1,1,1
1,1,1
1,1,1
1,1,1
1,1,1
1,1,1
1,1,1
1,1,1
1,1,1
1,1,1
1,1,1
1,1,1
1,1,1
1,1,1
1,1,1
1,1,1
1,1,1
1,1,1
1,1,1
1,1,1
1,1,1
1,1,1
1,1,1
1,1,1
1,1,1
1,1,1
1,1,1
1,1,1
1,1,1
1,1,1
1,1,1
1,1,1
1,1,1
1,1,1
1,1,1
1,1,1
1,1,1
1,1,1
1,1,1
1,1,1
1,1,1
1,1,1
1,1,1
1,1,1
1,1,1
1,1,1
1,1,1
1,1,1
1,1,1
1,1,1
1,1,1
1,1,1
1,1,1
1,1,1
1,1,1
1,1,1
1,1,1
1,1,1
1,1,1
1,1,1
1,1,1
1,1,1
1,1,1
1,1,1
1,1,1
1,1,1
1,1,1
1,1,1
1,1,1
1,1,1
1,1,1
1,1,1
1,1,1
1,1,1
1,1,1
1,1,1
1,1,1
1,1,1
1,1,1
1,1,1
1,1,1
1,1,1
1,1,1
1,1,1
1,1,1
1,1,1
1,1,1
1,1,1
1,1,1
1,1,1
1,1,1
1,1,1
1,1,1
1,1,1
0,1,1
1,1,1
1,1,1
0,1,1
1,1,1
1,1,1
0,1,1
0,1,1
0,1,1
0,1,1
0,1,1
0,1,1
0,1,1
0,1,1
0,1,1
0,1,1
1,1,1
1,1,1
1,1,1
1,1,1
1,1,1
1,1,1
1,1,1
0,1,1
0,1,1
1,1,1
0,1,1
0,1,1
0,1,1
0,1,1
1,1,1
1,1,1
1,1,1
1,1,1
1,1,1
1,1,1
1,1,1
1,1,1
1,1,1
1,1,1
1,1,1
1,1,1
1,1,1
0,1,1
0,1,1
1,1,1
1,1,1
1,1,1
1,1,1
1,1,1
1,1,1
1,1,1
1,1,1
1,1,1
1,1,1
1,1,1
1,1,1
1,1,1
1,1,1
1,1,1
1,1,1
1,1,1
1,1,1
1,1,1
1,1,1
1,1,1
0,1,0
0,1,0
0,1,0
1,1,1
1,1,1
0,1,1
0,1,1
0,1,1
0,1,1
0,1,1
0,1,1
0,1,1
0,1,1
0,1,1
0,1,1
0,1,1
0,1,1
0,0,1
0,1,0
1,1,1
1,1,1
1,1,1
1,1,1
1,1,1
1,1,1
1,1,1
1,1,1
1,1,1
0,1,0
1,1,1
1,1,1
1,1,1
0,1,1
1,1,1
1,1,1
1,1,1
1,1,1
1,1,1
0,1,1
0,1,1
1,1,1
1,1,1
0,1,1
0,1,1
0,1,1
1,1,1
0,1,1
0,1,1
1,1,1
0,1,1
0,1,1
0,1,1
0,1,1
1,1,1
1,1,1
1,1,1
0,1,1
0,1,1
0,1,1
1,1,1
1,1,1
0,1,1
1,1,1
1,1,1
1,1,1
1,1,1
1,1,1
0,1,1
0,1,1
1,1,1
0,1,1
1,1,1
1,1,1
1,1,1
1,1,1
0,1,1
0,1,1
1,1,1
1,1,1
1,1,1
1,1,1
1,1,1
1,1,1
1,1,1
0,1,1
0,1,1
1,1,1
0,1,1
0,1,1
0,1,1
0,1,1
1,1,1
1,1,1
0,1,1
1,1,1
1,1,1
1,1,1
1,1,1
1,1,1
1,1,1
1,1,1
1,1,1
1,1,1
1,1,1
1,1,1
1,1,1
1,1,1
1,1,1
1,1,1
1,1,1
1,1,1
1,1,1
0,1,1
1,1,1
1,1,1
0,1,1
1,1,1
1,1,1
0,1,1
0,1,1
0,1,1
1,1,1
1,1,1
1,1,1
0,1,1
1,1,1
0,1,1
1,1,1
0,1,1
0,1,1
1,1,1
0,1,1
1,1,1
0,1,1
1,1,1
0,1,1
1,1,1
0,1,1
0,1,1
0,1,1
1,1,1
1,1,1
1,1,1
1,1,1
1,1,1
1,1,1
1,1,1
1,1,1
1,1,1
0,1,1
1,1,1
1,1,1
1,1,1
1,1,1
1,1,1
1,1,1
1,1,1
1,1,1
1,1,1
1,1,1
1,1,1
1,1,1
1,1,1
1,1,1
1,1,1
1,1,1
1,1,1
1,1,1
1,1,1
1,1,1
1,1,1
1,1,1
1,1,1
1,1,1
1,1,1
1,1,1
1,1,1
1,1,1
1,1,1
1,1,1
1,1,1
1,1,1
1,1,1
1,1,1
1,1,1
1,1,1
0,1,1
1,1,1
0,1,1
0,1,1
1,1,1
1,1,1
0,1,1
0,1,1
1,1,1
0,1,1
0,1,1
0,1,1
1,1,1
1,1,1
1,1,1
1,1,1
1,1,1
0,1,1
1,1,1
0,1,1
0,1,1
0,1,1
0,1,1
1,1,1
0,1,1
0,1,1
1,1,1
0,1,1
1,1,1
0,1,1
0,1,1
0,1,1
1,1,1
1,1,1
1,1,1
0,1,1
0,1,1
0,1,1
0,1,1
0,1,1
0,1,1
0,1,1
0,1,1
0,1,1
1,1,1
1,1,1
0,1,1
0,1,1
0,1,1
0,1,1
0,1,1
0,1,1
0,1,1
1,1,1
0,1,1
0,1,1
0,1,1
1,1,1
0,1,1
1,1,1
1,1,1
1,1,1
1,1,1
1,1,1
1,1,1
1,1,1
0,1,1
0,1,1
1,1,1
0,1,1
0,1,1
0,1,1
0,1,1
0,1,1
0,1,1
0,1,1
0,1,1
0,1,1
0,1,1
1,1,1
0,1,1
1,1,1
0,1,1
0,1,1
1,1,1
1,1,1
0,1,1
0,1,1
0,1,1
0,1,1
0,1,1
0,1,1
0,1,1
0,1,1
0,1,1
0,1,1
1,1,1
0,1,1
0,1,1
1,1,1
1,1,1
1,1,1
0,1,1
0,1,1
0,1,1
1,1,1
0,1,1
0,1,1
0,1,1
0,1,1
0,1,1
0,1,1
0,1,1
0,1,1
0,1,1
1,1,1
1,1,1
1,1,1
1,1,1
0,1,1
0,1,1
1,1,1
1,1,1
0,1,1
0,1,1
0,1,1
1,1,1
1,1,1
1,1,1
0,1,1
1,1,1
0,1,1
0,1,1
0,1,1
1,1,1
1,1,1
0,1,1
0,1,1
0,1,1
1,1,1
0,1,1
0,1,1
0,1,1
1,1,1
0,1,1
0,1,1
0,1,1
0,1,1
0,1,1
1,1,1
0,1,1
0,1,1
0,1,1
0,1,1
1,1,1
1,1,1
1,1,1
1,1,1
1,1,1
1,1,1
1,1,1
1,1,1
1,1,1
1,1,1
1,1,1
1,1,1
1,1,1
1,1,1
1,1,1
1,1,1
1,1,1
1,1,1
1,1,1
1,1,1
0,1,1
0,1,1
1,1,1
1,1,1
0,1,1
1,1,1
1,1,1
1,1,1
1,1,1
1,1,1
1,1,1
1,1,1
1,1,1
1,1,1
1,1,1
1,1,1
1,1,1
1,1,1
1,1,1
1,1,1
1,1,1
1,1,1
1,1,1
1,1,1
1,1,1
1,1,1
1,1,1
1,1,1
1,1,1
1,1,1
1,1,1
1,1,1
1,1,1
1,1,1
1,1,1
0,0,1
0,1,1
1,1,1
1,1,1
1,1,1
0,1,1
1,1,1
0,1,1
1,1,1
1,1,1
1,1,1
1,1,1
1,1,1
0,1,1
0,1,1
0,1,1
1,1,1
0,1,1
1,1,1
1,1,1
0,1,1
1,1,1
1,1,1
1,1,1
1,1,1
1,1,1
0,1,1
1,1,1
1,1,1
1,1,1
1,1,1
1,1,1
1,1,1
1,1,1
1,1,1
1,1,1
1,1,1
1,1,1
1,1,1
1,1,1
1,1,1
1,1,1
1,1,1
1,1,1
1,1,1
1,1,1
1,1,1
1,1,1
1,1,1
1,1,1
1,1,1
1,1,1
1,1,1
1,1,1
1,1,1
1,1,1
1,1,1
1,1,1
1,1,1
0,1,1
1,1,1
0,1,1
0,1,1
0,1,1
0,1,1
0,1,1
0,1,1
1,1,1
1,1,1
1,1,1
1,1,1
1,1,1
1,1,1
1,1,1
1,1,1
1,1,1
1,1,1
1,1,1
1,1,1
1,1,1
1,1,1
1,1,1
1,1,1
1,1,1
1,1,1
1,1,1
1,1,1
1,1,1
1,1,1
1,1,1
1,1,1
1,1,1
1,1,1
1,1,1
1,1,1
1,1,1
1,1,1
1,1,1
1,1,1
1,1,1
1,1,1
1,1,1
1,1,1
1,1,1
1,1,1
1,1,1
1,1,1
0,1,1
1,1,1
1,1,1
0,1,1
1,1,1
0,1,1
1,1,1
1,1,1
0,1,1
1,1,1
1,1,1
1,1,1
1,1,1
1,1,1
0,1,1
0,1,1
1,1,1
1,1,1
0,1,1
1,1,1
1,1,1
1,1,1
1,1,1
1,1,1
1,1,1
1,1,1
0,1,1
0,1,1
1,1,1
1,1,1
1,1,1
1,1,1
1,1,1
1,1,1
1,1,1
1,1,1
1,1,1
1,1,1
1,1,1
1,1,1
1,1,1
1,1,1
1,1,1
1,1,1
1,1,1
1,1,1
1,1,1
1,1,1
1,1,1
1,1,1
1,1,1
1,1,1
1,1,1
1,1,1
0,1,1
1,1,1
1,1,1
1,1,1
1,1,1
1,1,1
1,1,1
1,1,1
1,1,1
1,1,1
1,1,1
1,1,1
0,1,1
1,1,1
0,1,1
0,1,1
1,1,1
1,1,1
0,1,1
1,1,1
1,1,1
0,1,1
1,1,1
1,1,1
1,1,1
1,1,1
1,1,1
1,1,1
1,1,1
1,1,1
1,1,1
1,1,1
1,1,1
1,1,1
1,1,1
1,1,1
1,1,1
1,1,1
1,1,1
1,1,1
1,1,1
1,1,1
1,1,1
1,1,1
1,1,1
1,1,1
1,1,1
1,1,1
1,1,1
1,1,1
1,1,1
1,1,1
1,1,1
1,1,1
1,1,1
1,1,1
1,1,1
1,1,1
1,1,1
0,1,1
0,1,1
0,1,1
0,1,1
0,1,1
0,1,1
0,1,1
0,1,1
0,1,1
1,1,1
1,1,1
1,1,1
0,0,1
0,1,1
0,1,1
0,1,1
0,1,1
1,1,1
1,1,1
1,1,1
1,1,1
1,1,1
1,1,1
1,1,1
1,1,1
1,1,1
1,1,1
1,1,1
1,1,1
1,1,1
1,1,1
1,1,1
1,1,1
1,1,1
1,1,1
1,1,1
1,1,1
1,1,1
1,1,1
1,1,1
1,1,1
1,1,1
1,1,1
1,1,1
1,1,1
1,1,1
1,1,1
1,1,1
1,1,1
1,1,1
1,1,1
1,1,1
1,1,1
1,1,1
1,1,1
1,1,1
1,1,1
1,1,1
1,1,1
1,1,1
1,1,1
1,1,1
1,1,1
1,1,1
1,1,1
1,1,1
1,1,1
1,1,1
1,1,1
1,1,1
1,1,1
1,1,1
0,1,1
1,1,1
1,1,1
1,1,1
1,1,1
1,1,1
0,1,1
0,1,1
0,1,1
0,1,1
0,1,1
0,1,1
0,1,1
1,1,1
0,1,1
1,1,1
1,1,1
0,1,1
0,1,1
0,1,1
0,1,1
0,0,1
0,1,1
0,1,1
0,1,1
0,1,1
0,1,1
0,1,1
0,1,1
1,1,1
0,1,1
0,1,1
0,1,1
0,1,1
0,1,1
0,1,1
1,1,1
1,1,1
0,1,1
0,1,1
0,1,1
0,1,1
0,1,1
0,1,1
1,1,1
1,1,1
1,1,1
1,1,1
1,1,1
1,1,1
1,1,1
1,1,1
1,1,1
1,1,1
1,1,1
1,1,1
1,1,1
1,1,1
1,1,1
0,1,1
1,1,1
0,1,1
1,1,1
1,1,1
0,1,1
1,1,1
1,1,1
1,1,1
1,1,1
1,1,1
1,1,1
0,1,1
0,1,1
1,1,1
1,1,1
0,1,1
0,1,1
0,1,1
0,1,1
0,1,0
0,1,1
0,1,1
1,1,1
1,1,1
0,1,1
0,1,0
0,1,0
0,0,1
0,1,1
0,1,1
1,1,1
0,1,1
0,1,1
0,1,1
0,1,1
0,1,1
0,1,1
0,1,1
0,1,1
0,1,1
0,1,1
0,1,1
0,1,1
0,1,1
0,1,1
0,1,1
0,1,1
0,1,1
0,1,1
0,1,1
0,1,1
0,1,1
0,1,1
0,1,1
1,1,1
1,1,1
1,1,1
1,1,1
1,1,1
1,1,1
1,1,1
1,1,1
1,1,1
1,1,1
0,1,0
1,1,1
0,1,1
0,1,1
0,1,1
0,1,1
0,1,1
0,1,1
0,1,1
0,1,1
0,1,1
0,1,1
0,1,1
0,1,1
1,1,1
0,1,1
0,1,1
0,1,1
1,1,1
0,1,1
0,1,1
0,1,1
0,1,1
0,1,1
0,1,1
0,1,1
0,1,1
1,1,1
1,1,1
0,0,1
0,1,1
0,1,1
1,1,1
1,1,1
0,1,1
1,1,1
1,1,1
1,1,1
1,1,1
1,1,1
1,1,1
1,1,1
1,1,1
1,1,1
1,1,1
1,1,1
1,1,1
1,1,1
1,1,1
1,1,1
1,1,1
1,1,1
1,1,1
1,1,1
1,1,1
1,1,1
1,1,1
1,1,1
1,1,1
1,1,1
1,1,1
1,1,1
1,1,1
1,1,1
1,1,1
1,1,1
1,1,1
0,1,1
0,1,1
0,1,1
0,1,1
1,1,1
0,1,1
0,1,1
0,1,1
0,1,1
0,1,1
0,1,1
1,1,1
0,1,1
0,1,1
0,1,1
0,1,1
0,1,1
1,1,1
1,1,1
0,1,1
0,1,1
0,1,1
1,1,1
1,1,1
1,1,1
0,1,1
0,1,1
0,1,1
1,1,1
1,1,1
1,1,1
0,1,1
1,1,1
1,1,1
1,1,1
1,1,1
1,1,1
0,1,1
1,1,1
0,1,1
0,1,1
0,1,1
0,1,1
0,1,1
0,1,1
1,1,1
1,1,1
1,1,1
1,1,1
1,1,1
1,1,1
1,1,1
1,1,1
1,1,1
1,1,1
1,1,1
1,1,1
1,1,1
0,1,1
0,1,1
1,1,1
1,1,1
1,1,1
1,1,1
1,1,1
1,1,1
1,1,1
1,1,1
1,1,1
1,1,1
1,1,1
1,1,1
1,1,1
1,1,1
1,1,1
1,1,1
1,1,1
1,1,1
1,1,1
1,1,1
1,1,1
1,1,1
1,1,1
1,1,1
1,1,1
1,1,1
1,1,1
1,1,1
1,1,1
1,1,1
1,1,1
1,1,1
1,1,1
1,1,1
1,1,1
0,1,1
0,1,1
0,1,1
1,1,1
1,1,1
1,1,1
1,1,1
0,1,1
0,1,1
1,1,1
1,1,1
1,1,1
1,1,1
1,1,1
1,1,1
0,1,1
0,1,1
0,1,1
0,1,1
0,1,1
0,1,1
0,1,1
1,1,1
1,1,1
1,1,1
1,1,1
1,1,1
1,1,1
1,1,1
1,1,1
1,1,1
1,1,1
1,1,1
1,1,1
0,1,1
0,1,1
0,1,1
1,1,1
0,1,1
0,1,1
0,1,1
1,1,1
1,1,1
1,1,1
0,0,1
0,1,1
0,1,1
0,0,1
1,1,1
1,1,1
1,1,1
1,1,1
1,1,1
1,1,1
0,0,1
0,0,1
0,0,1
0,0,1
0,0,1
0,0,1
0,0,1
0,0,1
1,1,1
1,1,1
1,1,1
1,1,1
1,1,1
1,1,1
1,1,1
1,1,1
1,1,1
1,1,1
1,1,1
1,1,1
1,1,1
1,1,1
1,1,1
1,1,1
1,1,1
1,1,1
1,1,1
1,1,1
1,1,1
1,1,1
1,1,1
1,1,1
1,1,1
1,1,1
1,1,1
0,1,1
1,1,1
1,1,1
1,1,1
1,1,1
1,1,1
1,1,1
1,1,1
1,1,1
1,1,1
1,1,1
1,1,1
1,1,1
1,1,1
1,1,1
1,1,1
1,1,1
1,1,1
1,1,1
1,1,1
1,1,1
1,1,1
1,1,1
0,1,1
0,1,1
1,1,1
1,1,1
1,1,1
1,1,1
1,1,1
1,1,1
1,1,1
1,1,1
1,1,1
1,1,1
1,1,1
1,1,1
1,1,1
1,1,1
1,1,1
1,1,1
1,1,1
1,1,1
1,1,1
1,1,1
1,1,1
1,1,1
1,1,1
0,1,1
1,1,1
1,1,1
1,1,1
1,1,1
1,1,1
1,1,1
1,1,1
1,1,1
1,1,1
1,1,1
1,1,1
1,1,1
1,1,1
1,1,1
0,1,1
1,1,1
1,1,1
1,1,1
1,1,1
1,1,1
1,1,1
1,1,1
0,1,1
1,1,1
0,1,1
0,1,1
1,1,1
1,1,1
1,1,1
1,1,1
1,1,1
1,1,1
1,1,1
1,1,1
1,1,1
1,1,1
0,1,1
1,1,1
1,1,1
1,1,1
1,1,1
1,1,1
1,1,1
1,1,1
1,1,1
1,1,1
1,1,1
1,1,1
1,1,1
1,1,1
1,1,1
1,1,1
1,1,1
1,1,1
0,0,1
0,1,1
1,1,1
1,1,1
1,1,1
1,1,1
1,1,1
1,1,1
1,1,1
1,1,1
1,1,1
1,1,1
1,1,1
1,1,1
1,1,1
1,1,1
1,1,1
1,1,1
1,1,1
0,1,1
1,1,1
1,1,1
1,1,1
1,1,1
0,1,1
0,1,1
0,1,1
1,1,1
0,1,1
0,1,1
0,1,1
1,1,1
0,1,1
0,1,1
1,1,1
1,1,1
0,1,1
0,1,1
1,1,1
1,1,1
0,1,1
0,1,1
0,1,1
1,1,1
0,1,1
0,1,1
0,1,1
0,1,1
0,1,1
1,1,1
1,1,1
1,1,1
1,1,1
0,1,1
1,1,1
1,1,1
0,1,1
0,1,1
0,1,1
0,1,1
0,1,1
0,1,1
0,1,1
1,1,1
1,1,1
0,1,1
0,1,1
0,1,1
0,1,1
0,1,1
1,1,1
0,1,1
0,1,1
1,1,1
1,1,1
1,1,1
1,1,1
1,1,1
1,1,1
1,1,1
1,1,1
1,1,1
1,1,1
1,1,1
1,1,1
1,1,1
1,1,1
1,1,1
1,1,1
1,1,1
1,1,1
1,1,1
1,1,1
1,1,1
1,1,1
1,1,1
1,1,1
1,1,1
0,0,1
1,1,1
1,1,1
1,1,1
1,1,1
0,1,1
0,1,1
0,1,1
1,1,1
1,1,1
1,1,1
1,1,1
1,1,1
1,1,1
1,1,1
1,1,1
1,1,1
1,1,1
0,1,1
0,1,1
0,1,1
0,1,1
0,1,1
0,1,1
0,1,1
0,1,1
0,1,1
1,1,1
0,1,1
0,0,1
0,1,1
1,1,1
0,0,1
0,1,1
0,1,1
0,1,1
0,1,1
0,1,1
0,1,1
0,1,1
0,1,1
0,1,1
0,1,1
0,1,1
0,1,1
0,1,1
0,1,1
0,1,1
1,1,1
1,1,1
0,1,1
0,1,1
1,1,1
0,1,1
0,1,1
0,1,1
0,1,1
0,1,1
0,1,1
0,1,1
0,1,1
0,1,1
0,1,1
0,1,1
0,1,1
0,1,1
0,1,1
1,1,1
0,1,1
0,1,1
0,1,1
0,0,1
0,1,1
0,1,1
0,1,1
1,1,1
1,1,1
0,1,1
1,1,1
0,1,1
1,1,1
1,1,1
1,1,1
1,1,1
1,1,1
0,1,1
1,1,1
0,1,1
0,0,1
0,0,1
0,1,1
0,1,1
0,1,1
0,1,1
0,1,1
0,1,1
0,1,1
0,1,1
0,1,1
0,1,1
0,1,1
0,1,1
1,1,1
0,1,1
0,0,1
0,1,1
0,1,1
0,0,1
0,1,1
0,1,1
0,1,1
0,1,1
0,1,1
1,1,1
1,1,1
1,1,1
1,1,1
1,1,1
0,1,0
0,1,0
0,1,0
0,1,1
0,1,0
0,0,0
0,1,0
0,0,0
0,0,1
0,0,1
0,0,0
0,0,0
0,0,1
0,1,1
0,1,0
0,1,0
0,1,0
0,1,0
0,1,1
0,1,0
0,1,0
0,1,0
0,0,0
0,0,0
0,0,0
0,0,0
0,0,0
0,1,0
0,1,0
1,1,0
0,1,1
0,1,0
1,1,0
0,1,1
1,1,1
1,1,0
0,1,0
0,0,1
1,1,1
0,0,1
0,0,1
0,0,1
0,0,0
0,1,0
0,1,1
1,1,0
0,0,0
0,1,0
0,1,0
0,1,0
1,1,0
0,1,0
0,1,0
0,1,0
0,1,0
0,1,0
1,1,0
0,1,0
0,1,0
0,1,0
0,0,0
0,1,0
1,1,0
1,1,0
0,1,0
0,1,0
0,1,0
0,1,0
0,1,0
0,1,0
0,1,0
0,1,0
0,1,0
0,1,0
0,1,0
0,1,0
0,1,0
0,1,0
0,1,0
1,1,0
0,1,0
0,0,0
0,1,0
0,1,0
0,0,0
0,1,0
0,1,0
0,0,0
0,1,0
0,1,0
0,1,0
0,1,0
0,0,0
0,1,0
0,0,0
0,1,0
0,0,0
0,0,0
0,0,0
0,0,0
0,1,0
0,1,0
1,1,1
0,1,1
0,1,0
0,1,0
0,1,0
0,1,1
0,1,0
0,1,1
0,1,1
0,1,1
0,1,0
1,1,0
0,1,0
1,1,0
0,1,0
0,1,1
0,1,0
0,1,0
0,1,0
0,1,0
0,1,0
0,1,1
1,1,1
0,1,0
0,1,1
0,1,0
0,1,0
0,1,0
0,1,1
0,1,0
0,1,0
0,1,0
0,1,0
0,1,0
0,1,0
0,1,0
0,1,0
0,1,0
0,1,0
0,1,0
0,1,0
0,1,0
1,1,0
0,1,0
0,1,1
1,1,0
0,1,0
1,1,0
0,1,0
0,1,0
0,1,0
0,1,0
0,1,0
0,1,0
0,1,0
0,1,0
0,1,1
0,1,1
1,1,0
0,0,0
0,1,1
0,1,0
0,1,0
0,1,0
0,1,0
0,0,0
0,1,1
0,1,1
0,1,0
0,1,0
0,1,1
0,1,1
0,1,0
0,1,0
0,1,1
0,1,1
0,1,0
0,1,0
0,1,1
0,1,1
0,1,1
0,1,1
0,1,1
0,1,1
0,1,0
0,1,1
0,1,1
0,1,1
0,1,0
1,1,1
1,1,1
0,1,1
0,1,1
1,1,1
1,1,1
1,1,1
1,1,1
1,1,1
1,1,1
1,1,1
1,1,1
1,1,1
1,1,1
1,1,1
1,1,1
1,1,1
1,1,1
1,1,1
1,1,1
1,1,1
1,1,1
1,1,1
1,1,1
1,1,1
1,1,1
1,1,1
1,1,1
1,1,1
1,1,1
1,1,1
1,1,1
1,1,1
1,1,1
1,1,1
1,1,1
1,1,1
1,1,1
1,1,1
1,1,1
1,1,1
1,1,1
1,1,1
1,1,1
1,1,1
1,1,1
1,1,1
1,1,1
1,1,1
1,1,1
1,1,1
1,1,1
1,1,1
1,1,1
1,1,1
1,1,1
1,1,1
1,1,1
1,1,1
1,1,1
1,1,1
1,1,1
1,1,1
1,1,1
1,1,1
1,1,1
1,1,1
1,1,1
1,1,1
1,1,1
1,1,1
1,1,1
1,1,1
1,1,1
1,1,1
1,1,1
1,1,1
1,1,1
0,1,1
0,1,1
0,1,1
0,1,1
0,1,1
0,1,1
0,1,1
0,1,1
0,1,1
0,1,1
0,1,1
0,1,1
0,1,1
0,1,1
0,1,1
1,1,1
1,1,1
0,1,1
0,1,1
0,1,1
0,1,1
0,1,1
0,1,1
0,1,1
0,1,1
0,1,1
0,1,1
0,1,1
0,1,1
0,1,1
0,1,1
0,1,1
0,1,1
0,1,1
0,1,1
0,1,1
0,1,1
0,1,1
0,1,1
0,1,1
0,1,1
0,1,1
0,1,1
0,1,1
0,1,1
0,1,1
0,1,1
0,1,1
0,1,1
0,1,1
0,1,1
0,1,0
0,1,0
0,1,1
0,1,1
0,1,1
0,1,0
0,1,1
0,1,1
0,1,1
0,1,1
0,1,1
0,1,1
0,1,1
0,1,1
0,1,0
0,1,1
0,1,1
0,1,1
0,1,1
0,1,1
0,1,1
0,1,1
0,1,1
0,1,1
0,1,1
0,1,1
0,1,1
0,1,1
0,1,1
0,1,1
0,1,1
0,1,1
0,1,1
0,1,1
0,1,1
0,1,1
0,1,1
0,1,1
0,1,1
0,1,1
0,1,1
0,1,1
0,1,1
0,1,1
0,1,1
0,1,1
0,1,1
0,1,1
0,1,1
0,1,0
1,1,1
1,1,1
1,1,1
1,1,1
1,1,1
1,1,1
1,1,1
1,1,0
1,1,1
1,1,1
1,1,1
1,1,1
1,1,1
1,1,1
1,1,1
1,1,1
1,1,1
1,1,1
1,1,1
1,1,1
1,1,1
1,1,1
1,1,1
1,1,1
0,1,1
0,1,1
0,1,1
1,1,1
1,1,1
1,1,1
1,1,1
1,1,1
1,1,1
1,1,1
1,1,0
1,1,1
1,1,1
1,1,1
1,1,1
1,1,1
1,1,1
1,1,1
1,1,0
1,1,1
1,1,1
1,1,0
0,1,1
0,1,1
0,1,1
0,1,1
0,1,1
0,1,1
0,1,1
0,1,1
0,1,0
0,1,1
0,1,1
0,1,1
0,1,0
1,1,1
1,1,0
0,1,1
0,1,1
0,1,1
0,1,1
0,1,1
0,1,1
0,1,1
1,1,1
1,1,1
1,1,1
1,1,1
1,1,1
1,1,1
1,1,1
1,1,1
1,1,1
1,1,1
1,1,1
0,1,0
1,1,1
0,1,1
0,1,1
1,1,1
1,1,1
1,1,1
1,1,1
1,1,1
1,1,1
1,1,1
1,1,1
1,1,1
1,1,1
1,1,1
1,1,1
1,1,1
1,1,1
1,1,0
1,1,0
1,1,0
1,1,1
1,1,1
1,1,1
1,1,1
1,1,1
1,1,1
1,1,1
1,1,1
1,1,1
1,1,1
1,1,1
1,1,1
1,1,1
1,1,1
1,1,1
1,1,1
1,1,1
1,1,1
1,1,1
0,1,1
0,1,1
1,1,1
1,1,1
1,1,1
1,1,1
1,1,1
1,1,1
1,1,1
0,1,1
1,1,1
1,1,1
1,1,1
1,1,1
1,1,1
1,1,1
1,1,1
1,1,1
1,1,1
1,1,1
1,1,1
1,1,1
1,1,1
1,1,1
1,1,1
1,1,1
1,1,1
0,1,1
0,1,1
0,1,1
0,1,1
0,1,1
0,1,1
0,1,1
0,1,1
0,1,1
0,1,1
1,1,1
1,1,1
1,1,1
1,1,1
1,1,1
1,1,1
1,1,1
1,1,1
1,1,1
1,1,1
1,1,1
1,1,1
0,1,1
0,1,0
1,1,1
1,1,1
1,1,1
0,1,0
0,1,1
1,1,1
0,1,0
1,1,1
1,1,1
1,1,1
0,1,1
0,1,1
0,1,1
0,1,0
0,1,1
0,1,1
0,1,1
0,1,1
0,1,1
0,1,1
0,1,1
0,1,1
0,1,1
0,1,1
0,1,1
0,1,1
0,1,1
0,1,1
0,1,1
0,1,1
0,1,1
0,1,1
0,1,1
0,1,1
0,1,1
0,1,1
0,1,1
0,1,1
0,1,1
0,1,1
0,1,1
0,1,1
0,1,1
0,1,1
0,1,1
0,1,1
0,1,1
0,1,1
0,1,1
0,1,1
0,1,1
0,1,1
0,1,1
0,1,1
0,1,1
0,1,1
0,1,1
0,1,1
0,1,1
0,1,1
1,1,1
0,1,1
0,1,1
0,1,0
0,1,0
1,1,0
1,1,0
1,1,1
1,1,1
1,1,0
1,1,0
1,1,1
1,1,1
1,1,1
1,1,1
1,1,1
1,1,1
1,1,1
1,1,1
1,1,1
1,1,1
1,1,1
1,1,0
1,1,1
1,1,1
1,1,1
1,1,0
1,1,1
1,1,1
1,1,0
0,1,1
0,1,1
0,1,0
0,0,0
0,1,0
0,1,1
0,1,1
0,1,1
0,1,1
0,1,1
0,1,1
0,1,1
0,1,1
0,1,1
0,1,1
0,1,1
0,1,1
0,1,1
0,1,1
0,1,1
0,1,1
0,1,0
0,1,1
0,1,1
0,1,1
0,1,1
0,1,1
0,1,1
0,1,1
0,1,1
0,1,0
0,1,0
0,1,0
0,1,0
0,1,0
0,0,1
0,1,0
0,1,0
0,1,0
0,1,0
0,1,0
0,1,0
0,1,1
0,1,0
0,1,0
0,1,0
0,1,0
0,1,0
0,1,0
0,1,0
0,1,0
0,1,0
0,1,0
0,1,0
0,1,0
0,1,0
0,1,1
0,1,1
0,1,0
0,1,0
0,1,0
0,1,0
0,1,0
0,0,0
0,1,1
0,1,1
1,1,1
0,1,1
0,1,1
0,1,1
0,1,1
0,1,1
0,1,1
0,1,1
0,1,1
0,1,1
0,1,1
0,1,1
0,1,1
0,1,1
0,1,1
0,1,1
0,1,1
0,1,1
0,1,1
0,1,1
0,1,1
0,1,1
0,1,1
0,1,1
0,1,1
0,1,1
0,1,1
0,1,0
0,1,1
0,1,1
0,1,1
0,1,0
0,1,1
0,1,1
0,1,1
0,1,1
0,1,0
0,1,1
0,1,1
0,1,1
0,1,1
0,1,1
0,1,1
0,1,1
0,1,1
0,1,1
0,1,1
0,1,1
0,1,1
0,1,1
0,0,1
0,0,1
1,1,1
1,1,1
1,1,1
0,0,1
0,0,1
1,1,1
0,1,1
0,1,1
0,1,1
0,1,1
0,0,1
0,0,1
0,0,0
0,1,1
0,1,1
0,1,1
0,1,1
0,1,1
0,1,1
0,1,1
0,1,1
0,1,1
0,1,1
0,1,1
0,1,1
0,1,1
0,1,1
0,1,1
0,1,1
0,1,1
0,1,1
0,1,1
0,1,0
0,1,1
0,1,0
0,1,0
0,1,0
0,1,1
0,1,1
0,1,0
0,1,1
0,1,1
0,1,0
0,1,0
0,1,0
0,1,0
0,1,1
0,1,1
0,1,1
0,1,1
0,1,1
0,1,1
0,1,1
0,1,1
0,1,0
0,1,0
0,1,0
0,1,1
0,1,1
0,1,1
1,1,1
0,1,1
0,1,1
0,1,1
0,1,0
1,1,1
1,1,1
1,1,1
1,1,1
1,1,0
1,1,1
1,1,1
1,1,1
1,1,1
1,1,1
1,1,1
1,1,1
1,1,1
1,1,1
1,1,0
1,1,1
1,1,0
1,1,1
1,1,1
1,1,1
1,1,1
1,1,1
1,1,1
1,1,1
1,1,1
0,1,0
0,1,1
0,1,1
0,1,1
1,1,0
1,1,1
1,1,1
1,1,1
0,1,0
0,1,0
0,1,0
1,1,0
1,1,0
1,1,0
0,1,1
0,1,1
0,1,1
0,1,1
1,1,0
0,1,1
0,1,1
1,1,1
1,1,1
1,1,1
1,1,0
1,1,0
1,1,0
1,1,0
0,1,1
0,1,1
1,1,1
0,1,1
0,1,1
1,1,1
1,1,1
0,1,1
1,1,0
1,1,1
1,1,1
0,1,1
0,1,1
0,1,1
0,1,0
0,1,1
1,1,1
0,1,1
0,1,0
1,1,0
0,1,1
0,1,1
1,1,0
1,1,1
0,1,1
0,1,0
0,1,0
0,1,0
0,1,0
1,1,0
1,1,1
0,1,0
0,1,0
1,1,0
0,1,0
1,1,0
1,1,0
0,1,0
1,1,0
1,1,0
0,1,0
1,1,0
0,1,0
0,1,0
1,1,1
1,1,0
1,1,1
1,1,0
1,1,1
1,1,0
1,1,0
1,1,0
1,1,0
1,1,0
1,1,0
1,1,0
1,1,0
1,1,0
1,1,0
1,1,0
1,1,1
1,1,0
1,1,1
1,1,1
1,1,1
1,1,0
1,1,0
1,1,0
1,1,0
1,1,1
1,1,0
1,1,1
1,1,0
1,1,1
1,1,1
1,1,0
1,1,1
1,1,1
1,1,1
1,1,1
1,1,0
1,1,1
1,1,1
1,1,1
1,1,0
1,1,1
1,1,1
1,1,1
1,1,1
1,1,1
1,1,1
1,1,1
1,1,1
1,1,1
1,1,1
1,1,1
1,1,1
1,1,1
1,1,1
1,1,1
1,1,1
1,1,1
1,1,1
1,1,1
1,1,1
1,1,1
1,1,1
1,1,0
1,1,0
1,1,0
1,1,1
1,1,1
1,1,1
1,1,0
1,1,1
1,1,1
1,1,1
1,1,1
1,1,0
1,1,0
1,1,1
1,1,1
1,1,1
1,1,1
1,1,1
1,1,1
1,1,0
1,1,0
1,1,0
1,1,0
1,1,0
1,1,0
1,1,1
1,1,1
1,1,0
1,1,0
1,1,0
1,1,1
1,1,1
1,1,1
1,1,0
1,1,0
1,1,1
1,1,1
1,1,1
1,1,1
1,1,1
1,1,1
1,1,1
1,1,1
1,1,0
1,1,1
1,1,1
1,1,1
1,1,1
1,1,1
1,1,1
1,1,0
1,1,0
1,1,1
1,1,1
1,1,1
1,1,1
1,1,1
1,1,1
1,1,1
1,1,1
1,1,1
1,1,1
1,1,1
1,1,1
1,1,1
1,1,1
1,1,1
1,1,1
1,1,1
1,1,1
1,1,1
1,1,1
1,1,1
1,1,1
1,1,1
1,1,1
1,1,1
1,1,1
1,1,1
1,1,1
1,1,1
1,1,1
1,1,0
1,1,0
1,1,0
1,1,1
1,1,1
1,1,0
1,1,0
1,1,0
1,1,0
1,1,1
1,1,1
1,1,1
1,1,1
1,1,1
1,1,1
1,1,1
1,1,1
1,1,1
1,1,1
1,1,1
1,1,1
1,1,1
1,1,1
1,1,1
1,1,1
1,1,1
1,1,1
1,1,1
1,1,1
1,1,1
1,1,1
1,1,1
1,1,1
1,1,1
1,1,1
1,1,1
1,1,1
1,1,0
1,1,1
1,1,1
1,1,1
1,1,1
1,1,1
1,1,0
1,1,1
1,1,1
1,1,1
1,1,1
1,1,0
1,1,0
1,1,0
1,1,1
1,1,0
1,1,0
1,1,0
1,1,1
1,1,1
1,1,1
1,1,1
1,1,1
1,1,1
1,1,1
1,1,1
1,1,1
1,1,1
1,1,1
1,1,1
1,1,1
1,1,1
1,1,1
1,1,1
1,1,1
1,1,1
1,1,1
1,1,1
1,1,1
1,1,1
1,1,1
1,1,1
1,1,1
1,1,1
1,1,1
1,1,1
1,1,1
1,1,1
1,1,1
1,1,1
1,1,1
1,1,1
1,1,1
1,1,1
1,1,1
1,1,1
1,1,1
1,1,1
1,1,1
1,1,1
1,1,1
1,1,1
1,1,1
1,1,1
1,1,1
1,1,1
1,1,1
1,1,1
1,1,1
1,1,0
1,1,1
1,1,1
1,1,1
1,1,1
1,1,1
1,1,1
1,1,1
1,1,1
1,1,1
1,1,1
1,1,1
1,1,1
1,1,1
1,1,1
1,1,1
1,1,1
1,1,1
1,1,1
1,1,1
1,1,1
1,1,1
1,1,1
1,1,1
1,1,1
1,1,1
1,1,1
1,1,1
1,1,1
1,1,1
1,1,1
1,1,1
1,1,1
1,1,1
1,1,1
1,1,1
1,1,1
1,1,1
1,1,1
1,1,1
1,1,1
1,1,1
1,1,1
1,1,1
1,1,1
1,1,1
1,1,1
1,1,1
1,1,1
1,1,1
1,1,1
1,1,1
1,1,1
1,1,1
1,1,1
1,1,1
1,1,1
1,1,1
1,1,1
1,1,1
1,1,1
1,1,1
1,1,1
1,1,1
1,1,1
1,1,1
1,1,1
1,1,1
1,1,1
1,1,1
1,1,1
1,1,1
1,1,1
1,1,1
1,1,1
1,1,1
1,1,1
1,1,1
1,1,1
1,1,1
1,1,1
1,1,1
1,1,1
1,1,1
1,1,1
1,1,1
1,1,1
1,1,1
1,1,1
1,1,1
1,1,1
1,1,1
1,1,1
1,1,1
1,1,1
1,1,1
1,1,1
1,1,1
1,1,1
1,1,1
1,1,1
1,1,1
1,1,1
1,1,1
1,1,1
1,1,1
1,1,1
1,1,1
1,1,1
1,1,1
1,1,1
1,1,1
1,1,1
1,1,1
1,1,1
1,1,1
1,1,1
1,1,1
1,1,1
1,1,1
1,1,1
1,1,1
1,1,1
1,1,1
1,1,1
1,1,1
1,1,1
1,1,1
1,1,1
1,1,1
1,1,1
1,1,1
1,1,1
1,1,1
1,1,1
1,1,1
1,1,1
1,1,1
1,1,1
1,1,1
0,1,1
1,1,1
1,1,1
1,1,1
1,1,1
1,1,1
1,1,1
1,1,1
1,1,1
1,1,1
1,1,1
1,1,1
1,1,1
1,1,1
1,1,1
1,1,1
1,1,1
1,1,1
1,1,1
1,1,1
1,1,1
1,1,1
1,1,1
1,1,1
1,1,1
1,1,1
1,1,1
1,1,1
1,1,1
1,1,1
1,1,1
1,1,1
1,1,1
1,1,1
1,1,1
1,1,1
1,1,1
1,1,1
1,1,1
1,1,1
1,1,1
1,1,1
1,1,1
1,1,1
1,1,1
1,1,1
1,1,1
1,1,1
1,1,1
1,1,1
1,1,1
1,1,1
1,1,1
1,1,1
1,1,1
1,1,1
1,1,1
1,1,1
1,1,1
1,1,1
1,1,1
1,1,1
1,1,1
1,1,1
1,1,1
1,1,1
1,1,1
1,1,1
1,1,1
1,1,1
1,1,1
1,1,1
1,1,1
1,1,1
1,1,1
1,1,1
1,1,1
1,1,1
1,1,1
1,1,1
1,1,1
1,1,1
1,1,1
1,1,1
1,1,1
1,1,1
1,1,1
1,1,1
1,1,1
1,1,1
1,1,1
1,1,1
1,1,1
1,1,1
1,1,1
1,1,1
1,1,1
1,1,1
1,1,1
1,1,1
1,1,1
1,1,1
1,1,1
1,1,1
1,1,1
1,1,1
1,1,1
1,1,1
1,1,1
1,1,1
1,1,1
1,1,1
1,1,1
1,1,1
1,1,1
1,1,1
1,1,1
1,1,1
1,1,1
1,1,1
1,1,1
1,1,1
1,1,1
1,1,1
1,1,1
1,1,1
1,1,1
1,1,1
1,1,1
1,1,1
1,1,1
1,1,1
1,1,1
1,1,1
1,1,1
1,1,1
1,1,1
1,1,1
1,1,1
1,1,1
1,1,1
1,1,1
1,1,1
1,1,1
1,1,1
1,1,1
1,1,1
1,1,1
1,1,1
1,1,1
1,1,1
1,1,1
1,1,1
1,1,1
1,1,1
1,1,1
1,1,1
1,1,1
1,1,1
1,1,1
1,1,1
1,1,1
1,1,1
1,1,1
1,1,1
1,1,1
1,1,1
1,1,1
1,1,1
1,1,1
1,1,1
1,1,1
1,1,1
1,1,1
1,1,1
1,1,1
1,1,1
1,1,1
1,1,1
1,1,1
1,1,1
1,1,1
1,1,1
1,1,0
1,1,1
1,1,1
1,1,0
1,1,1
1,1,0
1,1,0
1,1,0
1,1,1
1,1,1
1,1,0
1,1,0
1,1,0
1,1,1
1,1,1
1,1,1
1,1,1
1,1,1
1,1,1
1,1,1
1,1,0
1,1,0
1,1,0
1,1,0
1,1,0
1,1,1
1,1,0
1,1,0
1,1,0
1,1,1
1,1,1
1,1,1
0,1,0
0,1,0
0,1,0
1,1,1
1,1,1
1,1,1
1,1,1
1,1,1
1,1,1
1,1,1
1,1,1
1,1,1
1,1,1
1,1,1
1,1,1
1,1,1
1,1,1
1,1,1
1,1,1
1,1,1
1,1,1
1,1,1
1,1,1
1,1,1
1,1,1
1,1,1
1,1,1
1,1,1
1,1,1
1,1,1
1,1,1
1,1,1
1,1,1
1,1,1
1,1,1
1,1,1
1,1,1
1,1,1
1,1,1
1,1,1
1,1,1
1,1,1
1,1,1
1,1,1
1,1,1
1,1,1
1,1,1
1,1,1
1,1,1
1,1,1
1,1,1
1,1,1
1,1,1
1,1,1
1,1,1
1,1,1
1,1,1
1,1,1
1,1,1
1,1,1
1,1,1
1,1,1
1,1,1
1,1,1
1,1,1
1,1,1
1,1,1
1,1,1
1,1,1
1,1,1
1,1,1
1,1,0
1,1,0
1,1,1
1,1,1
1,1,0
1,1,1
1,1,1
1,1,1
1,1,0
1,1,0
1,1,1
0,1,0
0,1,1
1,1,0
0,1,1
0,1,0
1,1,1
1,1,1
1,1,1
1,1,1
1,1,1
1,1,1
1,1,1
1,1,1
1,1,1
1,1,1
1,1,1
1,1,1
1,1,1
1,1,0
1,1,0
1,1,1
1,1,1
1,1,0
1,1,0
1,1,1
1,1,1
1,1,0
1,1,0
1,1,0
1,1,0
1,1,0
1,1,0
1,1,0
1,1,1
1,1,0
1,1,0
1,1,0
1,1,1
1,1,1
1,1,0
1,1,0
1,1,0
1,1,0
1,1,1
1,1,1
1,1,1
1,1,0
1,1,0
1,1,0
1,1,0
1,1,0
1,1,0
1,1,0
1,1,0
0,1,1
1,1,1
1,1,1
1,1,1
1,1,0
1,1,0
1,1,1
1,1,1
1,1,1
0,1,0
0,1,0
1,1,1
1,1,0
1,1,0
1,1,0
1,1,0
1,1,1
0,1,0
0,1,0
0,0,0
0,1,0
0,1,1
0,1,1
0,1,1
0,1,1
1,1,1
0,1,0
1,1,1
0,1,1
0,1,0
0,1,1
0,1,1
0,1,1
0,1,1
0,1,1
0,1,1
0,0,0
1,1,1
1,1,1
0,1,1
1,1,1
1,1,1
1,1,1
1,1,1
1,1,1
1,1,1
1,1,1
1,1,1
1,1,1
1,1,1
1,1,1
1,1,1
1,1,1
1,1,1
0,1,1
0,1,1
0,1,1
0,0,1
0,1,1
0,1,1
0,1,1
0,1,1
0,1,1
0,1,1
0,1,1
0,1,1
0,1,1
0,1,1
0,0,1
0,0,1
0,1,1
0,1,1
0,1,1
0,1,1
0,1,1
0,1,1
0,1,1
0,1,1
0,1,1
0,0,1
0,0,1
0,0,1
0,0,1
0,1,1
0,1,1
0,1,1
0,0,1
0,0,1
0,1,1
0,1,1
0,1,1
0,1,1
0,1,1
0,1,1
0,1,1
0,1,1
0,1,1
0,1,1
0,1,1
0,1,1
0,1,1
0,1,1
0,1,1
0,1,1
0,1,1
0,0,1
1,1,1
1,1,1
0,1,1
0,0,0
0,0,0
0,1,0
0,0,1
0,1,1
0,1,1
0,1,1
0,1,1
0,1,1
0,1,1
0,1,1
0,1,1
0,1,1
0,1,1
0,1,1
0,1,1
0,1,1
0,1,1
0,0,1
0,1,1
0,1,1
0,1,1
0,1,1
0,1,1
0,1,1
0,1,1
0,1,1
0,1,1
0,1,1
0,1,1
0,1,1
0,1,1
0,1,1
0,1,1
0,1,1
0,1,1
0,0,1
0,1,1
0,1,1
0,1,1
0,1,1
0,1,1
0,0,1
0,1,1
0,1,1
0,1,1
0,1,1
0,1,1
0,1,1
0,1,1
0,1,1
0,1,1
0,1,1
0,1,1
0,1,1
0,1,1
0,0,1
0,1,1
0,1,1
0,0,1
0,1,1
0,0,1
0,1,1
0,1,1
0,0,1
0,0,1
0,0,1
0,1,1
0,1,1
0,1,1
0,1,1
0,1,1
0,1,1
0,0,1
0,0,1
0,0,1
0,0,1
0,1,1
0,1,1
0,1,1
0,1,1
0,1,1
0,1,1
0,1,1
0,1,1
0,1,1
0,1,1
0,1,1
0,1,1
0,1,1
0,1,1
0,1,1
0,1,1
0,1,1
0,1,1
0,0,1
0,1,1
0,0,1
0,1,0
0,1,1
0,1,1
0,1,1
0,1,1
0,1,1
0,1,1
0,1,1
0,1,1
0,1,1
0,1,1
0,1,1
0,1,1
0,1,1
0,1,1
0,1,1
0,1,0
0,0,1
0,1,1
0,0,1
0,1,1
0,0,1
0,1,1
0,0,1
0,1,0
1,1,1
1,1,1
1,1,1
1,1,1
1,1,1
1,1,0
1,1,0
0,1,1
1,1,1
1,1,1
1,1,1
1,1,1
1,1,1
1,1,1
1,1,1
1,1,1
1,1,1
0,1,0
0,1,0
0,1,1
0,1,0
0,1,0
0,1,0
0,1,1
0,1,1
1,1,1
0,1,1
1,1,1
0,1,1
0,1,1
0,1,1
0,1,0
0,1,1
1,1,0
1,1,0
1,1,1
1,1,0
1,1,0
0,1,0
1,1,1
0,1,0
0,1,1
1,1,1
0,0,1
1,1,1
1,1,1
0,1,1
1,1,1
1,1,1
0,1,1
0,1,1
0,0,1
0,1,1
1,1,1
1,1,1
0,0,0
0,1,0
0,0,1
0,1,0
1,1,1
1,1,1
1,1,1
1,1,1
1,1,1
1,1,1
1,1,1
0,1,0
1,1,1
1,1,1
1,1,1
1,1,1
0,1,1
0,1,0
1,1,0
1,1,0
1,1,1
1,1,1
1,1,1
1,1,1
1,1,1
1,1,1
1,1,1
1,1,1
1,1,1
1,1,1
1,1,1
1,1,1
1,1,1
1,1,1
1,1,1
1,1,1
1,1,1
1,1,1
1,1,1
0,1,1
1,1,1
1,1,1
1,1,1
1,1,1
1,1,1
1,1,1
1,1,1
1,1,1
1,1,1
1,1,0
0,1,0
0,1,1
1,1,1
1,1,1
0,1,1
1,1,1
1,1,1
1,1,1
1,1,1
0,1,0
0,1,0
0,1,0
1,1,0
1,1,0
1,1,0
1,1,0
1,1,1
0,1,1
0,1,0
1,1,0
0,1,0
0,1,0
0,1,0
0,1,0
1,1,1
0,1,0
0,1,1
0,1,1
0,1,1
0,1,1
0,0,0
0,0,0
0,1,0
0,1,0
0,0,0
